-- phpMyAdmin SQL Dump
-- version 4.9.2
-- https://www.phpmyadmin.net/
--
-- Host: 127.0.0.1:3308
-- Generation Time: Mar 04, 2021 at 12:46 PM
-- Server version: 8.0.18
-- PHP Version: 7.4.0

SET SQL_MODE = "NO_AUTO_VALUE_ON_ZERO";
SET AUTOCOMMIT = 0;
START TRANSACTION;
SET time_zone = "+00:00";


/*!40101 SET @OLD_CHARACTER_SET_CLIENT=@@CHARACTER_SET_CLIENT */;
/*!40101 SET @OLD_CHARACTER_SET_RESULTS=@@CHARACTER_SET_RESULTS */;
/*!40101 SET @OLD_COLLATION_CONNECTION=@@COLLATION_CONNECTION */;
/*!40101 SET NAMES utf8mb4 */;

--
-- Database: `encyclopedia`
--

-- --------------------------------------------------------

--
-- Dumping data for table `clases`
--

INSERT INTO `clases` (`id`, `name_latin`, `name_latvian`, `subdivision_id`) VALUES
(1, 'Cyclostomata', 'Apaļmutnieki', 1),
(2, 'Osteichthyes', 'Kaulzivis', 1),
(3, 'Amphibia', 'Abinieki', 1),
(4, 'Reptilia', 'Rāpuļi', 1),
(5, 'Aves', 'Putni', 1),
(6, 'Mammalia', 'Zīdītāji', 1);

-- --------------------------------------------------------

--
-- Dumping data for table `divisions`
--

INSERT INTO `divisions` (`id`, `name_latin`, `name_latvian`, `kingdom_id`) VALUES
(1, 'Chordata', 'Hordaiņi', 1),
(2, 'Protozoa', 'Vienšūņi', 1),
(3, 'Spongia', 'Sūkļi', 1),
(4, 'Coelenterata', 'Zarndobumaiņi', 1),
(5, 'Plathelminthes', 'Plakantārpi', 1),
(6, 'Nemathelminthes', 'Veltņtārpi', 1),
(7, 'Acanthocephala', 'Kāšgalvtārpi', 1),
(8, 'Annelides', 'Posmtārpi', 1),
(9, 'Mollusca', 'Gliemji', 1),
(10, 'Tentaculata', 'Vainagtaustekļaiņi', 1);

-- --------------------------------------------------------

--
-- Dumping data for table `families`
--

INSERT INTO `families` (`id`, `name_latin`, `name_latvian`, `species_count`, `species_count_lv`, `order_id`) VALUES
(1, 'Petromyzontidae', 'Nēģu', 35, 3, 1),
(2, 'Acipenseridae', 'Storu', 24, 5, 2),
(3, 'Clupeidae', 'Siļķu', 230, 3, 3),
(4, 'Engraulidae', 'Anšovu', 100, 1, 3),
(5, 'Salmonidae', 'Lašu', 30, 13, 4),
(6, 'Coregonidae', 'Sīgu', 23, 7, 4),
(7, 'Thymallidae', 'Alatu', 6, 1, 4),
(8, 'Osmeridae', 'Salaku', 14, 1, 4),
(9, 'Esocidae', 'Līdaku', 5, 1, 4),
(10, 'Anguillidae', 'Saldūdens zušu', 20, 1, 5),
(11, 'Congridae', 'Jūraszušu', 180, 1, 5),
(12, 'Cyprinidae', 'Karpu', 1700, 22, 6),
(13, 'Cobitidae', 'Akmeņgraužu', 150, 3, 6),
(14, 'Belonidae', 'Vējzivju', 30, 1, 12),
(15, 'Gasterosteidae', 'Stagaru', 10, 3, 9),
(16, 'Syngnathidae', 'Adatzivju', 180, 2, 9),
(17, 'Siluridae', 'Samu', 70, 1, 7),
(18, 'Gadidae', 'Mencu', 53, 5, 8),
(19, 'Percichthyidae', 'Jūrasasaru', 50, 2, 10),
(20, 'Percidae', 'Asaru', 235, 3, 10),
(21, 'Ammodytidae', 'Tūbīšu', 28, 2, 10),
(22, 'Scombridae', 'Makreļu', 54, 2, 10),
(23, 'Xiphiidae', 'Zobenzivju', 1, 1, 10),
(24, 'Gobiidae', 'Jūrasgrunduļu', 1700, 5, 10),
(25, 'Pholidae', 'Taukzivju', 20, 1, 10),
(26, 'Zoarcidae', 'Lucīšu', 300, 1, 10),
(27, 'Mugilidae', 'Kefaļu', 75, 2, 10),
(28, 'Eleotridae', 'Eleotrisu', 180, 2, 10),
(29, 'Carangidae', 'Stavridu', 150, 1, 10),
(30, 'Anarhichadidae', 'Vilkzivju', 5, 1, 10),
(31, 'Cottidae', 'Platgalvju', 260, 5, 13),
(32, 'Agonidae', 'Jūraslapsiņu', 46, 1, 13),
(33, 'Cyclopteridae', 'Zaķzivju', 27, 1, 13),
(34, 'Liparidae', 'Jūrasplūkšņu', 400, 1, 13),
(35, 'Scophthalmidae', 'Akmeņplekšu', 9, 2, 11),
(36, 'Pleuronectidae', 'Plekšu', 100, 3, 11);

-- --------------------------------------------------------

--
-- Dumping data for table `genuses`
--

INSERT INTO `genuses` (`id`, `name_latin`, `name_latvian`, `family_id`, `subfamily_id`) VALUES
(1, 'Lampetra', 'Upes nēģi', NULL, 2),
(2, 'Petromyzon', 'Jūras nēģi', NULL, 1),
(3, 'Acipenser', NULL, NULL, 3),
(4, 'Huso', NULL, NULL, 3),
(5, 'Alosa', 'Alozas', NULL, 4),
(6, 'Clupea', 'Siļķes', NULL, 5),
(7, 'Thymallus', 'Alatas', NULL, 8),
(8, 'Esox', 'Līdakas', 9, NULL),
(9, 'Anguilla', 'Zuši', 10, NULL),
(10, 'Conger', 'Jūras zuši', 11, NULL),
(11, 'Perca', 'Asari', 20, NULL),
(12, 'Gymnocephalus', 'Ķīši', 20, NULL),
(13, 'Sander', 'Zandarti', 20, NULL);

-- --------------------------------------------------------

--
-- Dumping data for table `kingdoms`
--

INSERT INTO `kingdoms` (`id`, `name_latin`, `name_latvian`) VALUES
(1, 'Animalia', 'Dzīvnieku');

-- --------------------------------------------------------

--
-- Dumping data for table `lsg`
--

INSERT INTO `lsg` (`category`, `color`, `description`) VALUES
(0, 'black', 'Acīmredzot iznīkušas sugas, kuras nav sastopamas dabā vairākus gadus, taču, iespējams, saglabājušās atsevišķās vietās vai arī nebrīvē'),
(1, 'red', 'Sgas, kurām draud iznīkšana, to turpmāka pastāvēšana nav iespējama bez sevišķu pasākumu veikšanas'),
(2, 'white', 'Retas sugas, kurām nedraud iznīkšana, bet tās sastopamas tik nelielā skaitā vai pēc platības tik ierobežotās teritorijās, ka tās var ātri iznīkt'),
(3, 'yellow', 'Sugas, kuru indivīdu skaits samazinās un areāls sašaurinās vairākus gadus vai nu dabisku cēloņu dēļ vai cilvēka darbības rezultātā, vai arī abu minēto faktoru ietekmē'),
(4, 'grey', 'Sugas, kuru indivīdu skaits samazinās un areāls sašaurinās vairākus gadus vai nu dabisku cēloņu dēļ vai cilvēka darbības rezultātā, vai arī abu minēto faktoru ietekmē');

-- --------------------------------------------------------

--
-- Dumping data for table `orders`
--

INSERT INTO `orders` (`id`, `name_latin`, `name_latvian`, `class_id`) VALUES
(1, 'Petromyzontiformes', 'Nēģveidīgās', 1),
(2, 'Acipenseriformes', 'Storveidīgās', 2),
(3, 'Clupeiformes', 'Siļķveidīgās', 2),
(4, 'Salmoniformes', 'Lašveidīgās', 2),
(5, 'Anguiliformes', 'Zušveidīgās', 2),
(6, 'Cypriniformes', 'Karpveidīgās', 2),
(7, 'Siluriformes', 'Samveidīgās', 2),
(8, 'Gadiformes', 'Mencveidīgās', 2),
(9, 'Gasterosteiformes', 'Stagarveidīgās', 2),
(10, 'Perciformes', 'Asarveidīgās', 2),
(11, 'Pleuronectiformes', 'Plekstveidīgās', 2),
(12, 'Beloniformes', 'Vējzivjveidīgās', 2),
(13, 'Scorpaeniformes', 'Skorpēnveidīgās', 2);

-- --------------------------------------------------------

--
-- Dumping data for table `species`
--

INSERT INTO `species` (`id`, `name_latin`, `name_latvian`, `description`, `biology`, `size`, `weight`, `reproduction`, `prevalence`, `family_id`, `subfamily_id`, `genus_id`, `lsg_id`) VALUES
(1, 'Lampetra fluviatilis', 'Upes nēģis', 'Ķermenis čūskveida, kails. Mute ar zobiem piesūcekņa piltuvē. Vēdera spuru \r\nun krūšu spuru nav. Mugura un sānu augšdaļa tumši zilganzaļa, zilganpelēka vai zaļganbrūna, sānu apakšdaļa un vēders pelēcīgs, zeltains vai \r\nbalts. Pirms nārsta mātītēm izveidojas anālajai spurai līdzīga tauku kroka, bet tēviņiem ārējs sēklvads.', 'Anadroms. Jūrā dzīvo 1-3 gadus, \r\ntad dodas nārstot upēs. Novērota līdz 250 km tāla migrācija, pārvietošanās ātrums 13 km diennaktī. Kāpuri, kurus mēdz saukt par ņurņikiem, \r\npavada upēs 3-6 gadus, sasniedzot 8-15 cm garumu, tad pārvēršas par pieaugušiem nēģiem un migrē uz jūru. Kāpuri dzīvo, ierakušies gruntī. \r\nPamatbarība: zivju audi, kāpuriem - detrīts. Sasniedz 7 gadu vecumu.', '0.51', '0.230', 'Dzimumgatavība iestājas 4-7 gadu vecumā, sasniedzot 16-50\r\ncm, Latvijā 23-46 cm garumu. Auglība 10-42 tūkst. ikru. Nārsto februārī-jūlijā, Latvijā maijā-jūnijā (ūdens t° 9-17°C) 0,2-1,5 m dziļumā. \r\nTēviņš izveido bedrīti - ligzdu, kuru mātīte padziļina un nērš ikrus. Ar vienu mātīti nārsto 1-6 tēviņi. Nārsto vienreiz mūžā, pēc nārsta, \r\naptuveni divu nedēļu laikā, iet bojā. Ikri lipīgi, to attīstība ilgst 6-17 dienas (194-201 grāddienas). Kāpuri 3-7 dienas pēc izšķilšanās \r\nmazkustīgi, vēlāk ierokas gruntī.', 'Eiropa. Pieaugušie īpatņi uzturas Rīgas līcī un Baltijas jūras piekrastē. Nārstot masveidā ienāk upēs \r\nno rudens līdz pavasarim, galvenokārt oktobrī un novembrī. Pieaugušie īpatņi var būt sastopami upēs visu gadu. Latvijā vismaz kopš 1960. \r\ngada tiek mākslīgi pavairots, ielaižot uz nārstu upēs virs aizsprostiem, bet 80. gados uzsākta arī kāpuru ielaišana.', 1, 2, 1, NULL),
(2, 'Lampetra planeri', 'Strauta nēģis', 'Ķermenis čūskveida, kails. Mute ar zobiem piesūcekņa piltuvē. Mugura un sānu \r\naugšdaļa zilganpelēka vai tumši brūna, sānu apakšdaļa un vēders dzeltenīgs vai balts. Pirms nārsta mātītēm izveidojas anālajai spurai līdzīga \r\ntauku kroka, bet tēviņiem ārējs sēklvads.', 'Sastopams saldūdeņos - upēs un strautos, retāk ezeros. Kāpura stadija ilgst 3-7 gadus. Sasnieguši \r\n10-20 cm garumu, rudenī un ziemā tie pārvēršas pieaugušos strauta nēģos, kļūdami nedaudz īsāki. Kāpuri dzīvo, ierakušies gruntī. Aktīvāks tumsā. \r\nTālas migrācijas neveic. Kāpuru pamatbarība - detrīts. Pieaugušie nebarojas. Sasniedz 7 gadu vecumu.', '0.32', '0.070', 'Dzimumgatavība iestājas 4-7 \r\ngadu vecumā, sasniedzot 9-30 cm garumu. Auglība 0,3-2,6 tūkst. ikru. Nārsto martā-jūnijā, Latvijā maijā-jūnijā (ūdens t° 8-12°C), 3-60 cm dziļumā. \r\nRaksturīgs vienlaicīgs nārsts, kas ilgst 7-23 dienas. Mātīte un tēviņš veido ligzdu smilšainās un oļainās vietās. Viena mātīte parasti nārsto ar \r\n2-3 tēviņiem. Ikru attīstība ilgst 3-28 dienas. Nārsto vienreiz mūžā, pēc nārsta iet bojā.', 'Eiropa. Latvijā daudzās upēs.', 1, 2, 1, NULL),
(3, 'Petromyzon marinus', 'Jūrasnēģis', 'Ķermenis čūskveida, kails. Mute ar zobiem piesūcekņa piltuvē. Muguras spuras divas, \r\natdalītas viena no otras. Mugura un sānu augšdaļa dzeltenbrūna, zaļganbrūna vai pelēcīgi zilgana ar melniem vai tumši brūniem plankumiem, sānu \r\napakšdaļa un vēders balts.', 'Anadroms. Ziemeļamerikā ir arī vairākas saldūdens populācijas. Parasti uzturas pa vienam, nārsta laikā nelielos baros. \r\nJūrā dzīvo 1-4 gadus, tad dodas nārstot upēs. Parasti nārsto upju lejtecēs. Kāpuri dzīvo, ierakušies gruntī. Upēs tie pavada 2-8 gadus, sasniedzot \r\n12-16 cm garumu, tad pārvēršas par pieaugušiem nēģiem un migrē uz jūru. Novērota līdz 850 km tāla migrācija. Parazītiska suga. Pamatbarība: zivju \r\nun jūras zīdītāju audi, kāpuriem - detrīts. Sasniedz 11 gadu vecumu.', '0.97', '2.200', 'Dzimumgatavība iestājas 5-9 gadu vecumā, sasniedzot 33-75 cm garumu. \r\nAuglība 21-305 tūkst. ikru. Nārsto martā-jūlijā (ūdens t° 11-24°C) 40-60 cm dziļumā. Raksturīgs vienlaicīgs nārsts. Tēviņš un mātīte veido ligzdu \r\noļainās un akmeņainās vietās. Ar vienu mātīti nārsto viens tēviņš. Iznērsto un apaugļoto ikru attīstība ilgst 6-14 dienas. Nārsto vienreiz mūžā, pēc\r\nnārsta iet bojā.', 'Atlantijas okeāna ziemeļdaļa. Sastopams gandrīz visā Eiropā, izņemot Vidusjūras austrumdaļu un Melno jūru, Ziemeļāfrikas un \r\nZiemeļamerikas austrumu piekrastēs. Baltijas jūrā ļoti rets ieceļotājs. Galvenokārt konstatēts jūras dienvidu un austrumu daļās. Baltijas līcī līdz \r\nšim nav konstatēts. Latvijā parasti noķer upju lejtecēs un grīvās: Daugavā 1833., 1946., 1949. un 1960. gadā, Gaujā 1960. gadā, Irbē 1934. un 1988. \r\ngadā, Salacā 1933., 1938., 1961., 1967. un 1990. gadā, un Ventā pirms 1934. gada un 1997. gadā.', 1, 1, 2, NULL),
(4, 'Acipenser baeri Brandt', 'Sibīrijas store', 'Ķermenis slaids, vārpstveida, klāts ar 5 kaulu vairogu rindām un sīkām kaula plātnītēm. Mute galvas apakšpusē, tās priekšā 4 taustekļi.\r\nMugura un sānu augšdaļa pelēcīgi dzeltena vai tumši brūna, sānu apakšdaļa un vēders balts vai dzeltenīgs.', 'Anadroma vai saldūdens zivs. \r\nUzturas pa vienai vai nelielos baros. Anadromā Sibīrijas store dzīvo jūrā, nārstot dodas uz upēm. Mazuļi upēs pavada 1-8 gadus, sasniedzot \r\ngarumu 8-37 cm. Novērota līdz 2500 km tāla migrācija, pārvietošanās ātrums 30 km diennaktī. Pamatbarība: bentoss, retāk zivis. Sasniedz 63 \r\ngadu vecumu.', '2.00', '200.000', 'Dzimumgatavība iestājas 6-30 gadu vecumā, sasniedzot 56-138 cm garumu. Auglība no 16 tūkst. līdz 1,5 milj. ikru. \r\nNārsto maijā-augustā (ūdens t° 9-21°C) 1-9 m dziļumā. Raksturīgs vienlaicīgs nārsts. Ikri pielīp pie akmeņiem, oļiem un cita substrāta, to \r\nattīstība ilgst 3-11 dienas (67-121 grāddienas). Nārsto reizi 1-6 gados. Veido hibrīdus ar sterleti.', 'Sibīrijas upes no Obas līdz Kolimai, \r\nBaikāla ezers. Latvijā no 1962. līdz 1975. gadam ielaista Daugavā, Gaujā, Lielupē un Rīgas līcī, kā arī Āsteres, Cirīša un Sventes ezeros. \r\nPo- pulāciju izveidošanās Latvijā nav zināma. Latvijā ievesta arī Baikāla store, ko mēdz izdalīt kā Sibīrijas stores pasugu - Acipenser baeri\r\nstenorhynchus A. Nikolski.', 2, 3, 3, NULL),
(5, 'Acipenser güldenstädti Brandt', 'Krievu store', 'Ķermenis slaids, vārpstveida, klāts ar 5 kaula vairogu rindām un \r\nsīkām kaula plātnītēm. Mute galvas apakšpusē, tās priekšā 4 taustekļi. Mugura un sānu augšdaļa pelēcīgi zaļgana, pelēcīga vai zeltaini brūna, \r\nsānu apakšdaļa un vēders balts vai dzeltenīgs.', 'Anadroma zivs. Uzturas pa vienai vai nelielos baros jūras piekrastē. Lielākas koncentrācijas \r\nveido ziemojot. Dzīvo jūrā, nārstot dodas uz upēm. Mazuļi upēs pavada 1-3 gadus. Novērota līdz 3500 km tāla migrācija, pārvietošanās ātrums 60 \r\nkm diennaktī. Pamatbarība: bentoss (moluski un vēžveidīgie) un nelielas zivis. Sasniedz 50 gadu vecumu.', '4.00', '613.000', 'Dzimumgatavība iestājas \r\n7-35 gadu vecumā, sasniedzot 80-145 cm garumu. Auglība no 23 tūkst. līdz 1,2 milj. ikru. Upēs ienāk galvenokārt no aprīļa līdz jūnijam. Nārsto \r\nmaijā-jūnijā. (ūdens t° 7-26°C) 1,5-16 m dziļumā. Raksturīgs vienlaicīgs nārsts, kas ilgst 6-50 dienas. Ikri pielīp pie akmeņiem, oļiem vai \r\nsmiltīm, to attīstība ilgst 3-12 dienas. Nārsto reizi 3-10 gados. Veido hibrīdus ar belugu, sterleti un stori.', 'Azovas, Kaspijas un Melnās \r\njūras baseini. Latvijā no 1962. līdz 1968. gadam ielaista Daugavā, Gaujā, Lielupē un Rīgas līcī, kā arī Āsteres, Cirīša un Sventes ezerā. \r\nPopulāciju izveidošanās Latvijā nav zināma.', 2, 3, 3, NULL),
(6, 'Acipenser ruthenus', 'Sterlete', 'Ķermenis slaids, vārpstveida, klāts ar 5 kaula vairogu rindām un \r\nsīkām kaula plātnītēm. Mute galvas apakšpusē, tās priekšā 4 taustekļi. Mugura un sānu augšdaļa tumši zaļa, brūna vai pelēkbrūna, sānu apakšdaļa \r\nun vēders dzeltenīgs vai balts.', 'Saldūdens, retāk anadroma zivs. Uzturas pa vienai vai nelielos baros. Lielākas koncentrācijas veido pirms \r\nnārsta un ziemojot. Novērota līdz 700 km tāla migrācija, pārvietošanās ātrums 23 km diennaktī. Pamatbarība - bentoss. Sasniedz 33 gadu vecumu.', '1.50', '8.800', 'Dzimumgatavība iestājas 2-15 gadu vecumā, sasniedzot 28-70 cm garumu. Auglība 4-200 tūkst. ikru. Nārsto aprīlī-jūnijā (ūdens t° 7-21°C)\r\n2-15 m dziļumā. Raksturīgs vienlaicīgs nārsts, kas ilgst 5-43 dienas. Ikri pielīp pie akmeņiem, oļiem un cita substrāta, to attīstība ilgst 4-15 \r\ndienas (80-150 grāddienas). Nārsto reizi 1-5 gados. Veido hibrīdus ar belugu, krievu stori un Sibīrijas stori.', 'Eiropa un Āzija. Latvijā dīķos \r\naudzēta jau 1888. gadā. No 1948. līdz 1965. gadam ielaista Daugavā, tās pietekā Līčupē un Ķeguma ūdenskrātuvē. Populāciju izveidošanās Latvijā nav \r\nzināma. Latvijā ievests arī belugas un sterletes hibrīds - besters.', 2, 3, 3, NULL),
(7, 'Acipenser sturio', 'Store', 'Ķermenis slaids, vārpstveida, klāts ar 5 kaula vairogu rindām un sīkām kaula plātnītēm. Mute \r\ngalvas apakšpusē, tās priekšā 4 taustekļi. Mugura zaļganbrūna, pelēcīga vai melna, sāni pelēkbrūni, vēders dzeltenīgi balts.', 'Anadroma zivs. \r\nIespējams, ka Lādogas ezerā pastāv saldūdens populācija. Uzturas pa vienai vai nelielos baros. Lielākas koncentrācijas veido pirms nārsta un \r\nziemošanas vietās. Dzīvo jūrā, nārstot dodas uz upēm. Mazuļi uzturas upēs līdz 3 gadiem. Novērota līdz 1500 km tāla migrācija. Pamatbarība: bentoss \r\nun zivis. Sasniedz 48 (100) gadu, Latvijā 20 gadu vecumu', '2.00', '3.500', 'Dzimumgatavība iestājas 7-20 gadu vecumā, sasniedzot 89-187 cm garumu. Auglība \r\n0,1-5,7 milj. ikru. Nārsto aprīlī-augustā (ūdens t° 8-22°C ) 2-10 m dziļumā. Raksturīgs vienlaicīgs nārsts vietās ar spēcīgu straumi uz akmeņiem, \r\noļiem un grants. Ikri pielīp pie substrāta, to attīstība ilgst 3-13 dienas (56-500 grāddienas). Veido hibrīdus ar krievu stori.', 'Agrāk izplatīta \r\nvisā Atlan-tijas Eiropas piekrastē. Daugavā ap 1. gadu tūkstoti pirms mūsu ēras bijusi parasta. 19. gadsimtā atsevišķi eksemplāri noķerti Daugavā, \r\nGaujā, Irbē, Ventā un Rīgas līcī. Vairāki eksemplāri noķerti Daugavā arī pēc 1. Pasaules kara. Pa vienam eksemplāram noķerts 1922(3)? gadā Užavā pie \r\nTērandes, 1932. gadā Liepājas ezerā un 1935. gadā jūras piekrastē pie Salacgrīvas. Pēc Otrā pasaules kara droši zināms viens stores noķeršanas gadījums\r\n1963. (64?) gadā pie Jūrmalas. Pārējos ziņotajos gadījumos konkrēta suga netika noteikta, un ir liela varbūtība, ka tās varētu būt krievu store vai \r\nSibīrijas store, kas 60.-70. gados vairākkārt tika introducētas Rīgas līcī. Baltijas jūras baseinā 50.-60. gados noķerti atsevišķi eksemplāri. Igaunijā \r\nšajā gadsimtā noķerta pavisam 21 store, no kurām 9 pēckara periodā. 4 no šīm storēm noķertas Rīgas līcī, pēdējā 1996.g. pie Muhu salas.', 2, 3, 3, NULL),
(8, 'Huso huso', 'Beluga', 'Ķermenis slaids, vārpstveida, klāts ar 5 kaula vairogu rindām un sīkām kaula plātnītēm. Mugura un sānu \r\naugšdaļa no pelēki brūnas līdz melnai, sānu apakšdaļa un vēders balts. Mute galvas apakšpusē, tās priekšā 4 taustekļi.', 'Anadroma zivs. Uzturas pa vienai. \r\nZiemojot veido koncentrācijas. Dzīvo jūrā, nārstot dodas uz upēm. Mazuļi migrē uz jūru jau pirmajā dzīves gadā. Novērota līdz 2000 km tāla migrācija, \r\npārvietošanās ātrums 79 km diennaktī. Pamatbarība - zivis un bentoss. Sasniedz 120 gadu vecumu.', '9.00', '1100.000', 'Dzimumgatavība iestājas 6-27 gadu vecumā, \r\nsasniedzot 110-240 cm garumu. Upēs ienāk, sākot ar martu, galvenokārt aprīlī un maijā. Auglība 0,1-8 milj. ikru. Nārsto martā-jūnijā, galvenokārt maijā, \r\n(ūdens t° 6-17°C) 3-40 m dziļumā. Raksturīgs vienlaicīgs nārsts, kas ilgst no 16 dienām līdz 2,5 mēnešiem un ilgāk. Ikri vispirms pielīp pie akmeņiem, \r\noļiem un cita substrāta, vēlāk tiek nesti pa straumi, to attīstība ilgst 5-14 dienas. Mēdz nārstot ne katru gadu. Veido hibrīdus ar krievu stori, sterleti.', 'Adrijas, Azovas, Kaspijas un Melnās jūras baseini. Latvijā 1962. gadā ielaista Daugavā. Populāciju izveidošanās Latvijā nav zināma. Latvijā ievests arī \r\nbelugas un sterletes hibrīds - besters.', 2, 3, 4, 0),
(9, 'Alosa alosa', 'Aloza', 'Ķermenis samērā augsts, no sāniem saplacināts. Mute ar sīkiem zobiem, vērsta uz priekšu. Mugura tumši zila, \r\nsāni un vēders sudrabains. Uz žaunu vākiem parasti 1-2 tumši plankumi.', 'Anadroma zivs. Uzturas baros. Dzīvo jūrā, nārstot dodas uz upēm. Mazuļi migrē uz \r\njūru pirmajā dzīves gadā. Novērota līdz 800 km tāla migrācija, pārvietošanās ātrums 20 km diennaktī. Pamatbarība: planktons, retāk zivju mazuļi. Sasniedz 21\r\ngada vecumu.', '1.00', '6.000', 'Dzimumgatavība iestājas 3 gadu vecumā, sasniedzot 30-40 cm garumu. Auglība 100-200 tūkst. ikru. Nārsto maijā-jūlijā. Raksturīgs \r\nvienlaicīgs nārsts. Ikri pelaģiski, to attīstība ilgst 3-5 dienas.', 'Atlantijas piekraste no Skandināvijas līdz Ziemeļāfrikai, arī Vidusjūra. 20. gs. \r\n20.-30. gados iekļauta Latvijas ihtiofaunas sarakstos. Atrašanas gadījumi Latvijas ūdeņos nav zināmi. Baltijas jūrā konstatēta tikai rietumdaļā. Pēdējie \r\nnoķeršanas gadījumi reģistrēti 1959. un 1982. gadā. Norādījumi par alozas atradnēm Ziemeļbaltijā (Somu līcī), domājams, attiecināmi uz paledi.', 5, 4, 5, NULL),
(10, 'Alosa fallax', 'Palede', 'Ķermenis samērā augsts, no sāniem saplacināts. Mute ar sīkiem zobiem, vērsta uz priekšu. Mugura tumši \r\nzila, sāni un vēders sudrabains vai zeltaini dzeltenīgs. Uz sāniem parasti 4-8 tumši plankumi.', 'Anadroma zivs (dažos ezeros ir arī saldūdens forma). Uzturas\r\nbaros. Dzīvo jūrā, nārstot dodas uz upēm, parasti uz to grīvām un lejtecēm. Mazuļi migrē uz jūru pirmajā gadā. Novērota līdz 400 km tāla migrācija. Pamatbarība: \r\nvēžveidīgie un zivju mazuļi. Sasniedz 10 (25) gadu vecumu.', '0.39', '0.600', 'Dzimumgatavība iestājas 2-3 gadu vecumā, sasniedzot 27-30 cm garumu. Auglība 12-363 \r\ntūkst. ikru. Ziemeļeiropā upēs ienāk maijā-jūnija sākumā. Nārsto upju lejtecēs maijā-augustā (ūdens t° 12-18°C). Raksturīgs vienlaicīgs nārsts. Ikri bentiski, \r\ntiek nērsti uz smiltīm un oļiem. Tie tiek nesti pa straumi un to attīstība ilgst 2-8 dienas (80-100 grāddienas).', 'Atlantijas piekraste no Skandināvijas līdz \r\nZiemeļāfrikai, arī Vidusjūra. Baltijas jūrā reta. Pavasaros ķerta Daugavā un Lielupē (1934). Literatūrā attiecināta uz Gaujas, Salacas un Ventas baseiniem \r\n(1960). Rīgas līcī un jūrā noķertas 1908., 1936.-1938. un 1947. gadā. 80.-90. gados Rīgas līča un atklātās jūras piekrastē, galvenokārt pavasarī un vasaras \r\nsākumā, tiek noķertas 2-3 zivis katru gadu. Ziemeļjūrā atsevišķi eksemplāri regulāri konstatēti 1967.-1977. un 1984. gadā. Francijā parasta. Kopš 1995. gada \r\niekļauta Latvijas Sarkanās grāmatas reto sugu (3.) kategorijā.', 5, 4, 5, 3),
(11, 'Clupea harengus membras', 'Reņģe', 'Vidēja izmēra, sudrabaina, nedaudz sāniski saplacināta zivs ar vienu muguras spuru, bez taukspuras. \r\nAstes spura šķelta. Ķermenis klāts ar viegli zūdošām cikloīdām zvīņām. Vēders ieapaļš, bez asa ķīļa. Sānu līnijas nav. Lemeškauls bez zobiem. Mugura tumši zila, \r\nsāni sudrabaini.', 'Pelaģiska jūras zivs. Var veidot lielus barus. Ziemā parasti uzturas 70-100 m dziļumā (ūdens t° 3-5°C). Pavasarī-vasarā līdz 12 cm gari mazuļi \r\nmigrē uz virsējiem sasilušiem ūdens slāņiem, pieaugušās zivis pārvietojas uz 50-80 m (Rīgas līcī 30-50 m) dziļumiem, kur koncentrējas un tad migrē uz nārsta vietām. \r\nRudenī atkal atgriežas dziļākos ūdeņos. Pavasarī un vasaras sākumā raksturīgas intensīvas diennakts vertikālās migrācijas. Pēc morfoloģiskajām un bioloģiskajām \r\npazīmēm izdala 2 ekoloģiskās rases - pavasarī un rudenī nārstojošās reņģes, kuras attiecīgi iedala vairākās jūras un līču populācijās. Pamatbarība: planktoniskie \r\nvēžveidīgie (galvenokārt airkājvēži - Pseudocalanus, Calanus un sānpeldvēži - Pontoporeia), šķeltkājvēži, lielajām reņģēm arī zivju mazuļi. Jūras dienviddaļā \r\nsasniedz 6 gadu, bet jūras ziemeļdaļā - 20 gadu vecumu.', '0.40', '1.050', 'Dzimumgatavību sasniedz 3.-4. dzīves gadā. Rīgas līcī un Somu jūras līča austrumdaļā arī 2. \r\ngadā. Nārsta migrācijas nelielas. Jūras reņģe uz nārstu ienāk arī“Rīgas līcī. Pavasarī nārsto maijā-jūnijā. Nārsts sākas 1-5 m dziļumā 2-4°C ūdens temperatūrā, \r\nvēlāk pārvietojas jūras virzienā līdz 6-20 m. Rudenī nārsto augustā-oktobrī 3-25 m dziļumā uz sēkļiem. Auglība 2-65(100) tūkst. ikru, tie tiek piestiprināti pie \r\nsubstrāta, galvenokārt pie Fucus un Furcelaria ģints aļģēm. Ikru attīstība ilgst 1500-3400 grāddienas. Kāpuri pelaģiski. Kāpuru izšķilšanās garums jūras reņģei \r\n5,5-8 mm. Pavasarī nārstojošo reņģu kāpuri uzturas ūdens virsējos slāņos un pēc 2-2,5 mēnešiem tie pārvēršas par mazuļiem. Rudenī nārstojošo reņģu kāpuri uzturas \r\nlīdz 60 m dziļumam un to attīstība ilgst 8-9 mēnešus. Raksturīgs homings.', 'Reņģe ir viena no siļķes Clupea harengus pasugām. Izplatīta Baltijas jūrā, rietumu \r\npopulācijas veic barošanās migrācijas uz Kategatu un Skageraku. Masveidīga.', 5, 5, 6, NULL),
(12, 'Sprattus balticus', 'Brētliņa', 'Neliela, sudrabaina, nedaudz sāniski saplacināta zivs. Līdzīga reņģei. Salīdzinot ar to, brētliņas \r\ngalva sīka un augstāka, arī sīks apakšžoklis. Lemeškauls bez zobiem. Mugura tumši zila, gandrīz melna, sāni sudrabaini.', 'Pelaģiska jūras zivs. Izvairās no stipri \r\natsāļotiem rajoniem. Veido barus, lielākie no kuriem ir homo- un heterohalīno ūdeņu sajaukšanās vietās. Migrācijas nelielas. Ziemā uzturas 70-100 m dziļumā 3-5°C \r\nūdens temperatūrā. Pavasarī, vasaras sākumā migrē uz ūdens virsējiem slāņiem, kur uzturas virs termoķīļa (līdz 30 m dziļumam), rudenī atgriežas dziļumā. Atkarībā \r\nno sezonas dienā veido barus šaurā joslā dziļumā vai arī ūdens augšējos slāņos. Ziemā, pavasarī un rudenī naktīs izteiktas diennakts vertikālās migrācijas. \r\nPlanktonofāga, barojas visu gadu. Pamatbarība: pelaģiskie vēžveidīgie (airkājvēži Temora, Acartia, Pseudocalanus, kladoceras - Podon). Sasniedz 17 gadu vecumu.', '0.17', '0.025', 'Dzimumgatavību sasniedz 2.-3. dzīves gadā. Nārsto no marta līdz augustam jūras atklātajā daļā virs ieplakām, kur ūdens sāļums ir ne mazāks par 5ä \r\nun ūdens t° 3,5-14,0°C. Nārsts sākas ziemošanas beigās dziļumā (70-100 m), beidzas intensīvās barošanās periodā ūdens virsējos slāņos (līdz 30 m). Auglība 8-14 \r\ntūkst. ikru, tos nērš 6-9 porcijās ik pēc 8-10 dienām. Ikri un kāpuri pelaģiski. Kāpuru garums izšķiļoties 2-3,6 mm. Kāpuru metamorfoze notiek pēc 6-8 nedēļām, \r\nkad tie sasnieguši 30-40 mm garumu.', 'Ir viena no Eiropas brētliņas Sprattus sprattus 3 pasugām. Sastopama visā Baltijas jūrā, izņemot jūras līču atsāļotākos \r\nrajonus. Masveidīga.', 5, 5, 6, NULL),
(13, 'Engraulis encrasicholus', 'Anšovs', 'Neliela izmēra, slaida, gandrīz cilindriska zivs. Vēders apaļš, bez ķīļa. Galva no sāniem saplacināta,\r\npurns stipri izstiepts, noapaļots. Mutes atvere liela, ar garu apakšžokli. Uz žokļiem nelieli zobi. Acis lielas, atrodas tuvu purna priekšgalam, virs mutes atveres.\r\nSānu līnijas nav. Muguras spura un anālā spura īsa, anālā spura atrodas aiz muguras spuras pamatnes. Zvīņas viegli zūdošas. Pie astes ir divi pāri pagarinātu zvīņu.\r\nMugura zilganzaļa, sāni sudrabaini. Žaunu vāki dzeltenīgi. Astes spuras aizmugurējai malai tumša apmale.', 'Pelaģiska jūras zivs. Eirihalīna, uzturas ūdeņos ar sāļumu\r\n4-41ä. Veido lielus barus. Vasarā migrē uz piekrasti, kur uzturas ūdens virsējos slāņos, nereti ieejot arī līčos un pat upju grīvās. Ziemā atkal atgriežas dziļumā, \r\nkur uzturas līdz 100 m dziļumam. Planktonofāga, barojas ar planktoniskajiem vēžveidīgajiem, zivju un bezmugurkaulnieku kāpuriem.', '0.15', NULL, 'Dzimumgatavību saniedz \r\npirmajā gadā (L>10 cm). Ziemeļeiropā nārsts ļoti garš, no aprīļa līdz augustam. Auglība 10-23 tūkst. ikru. Ikri ovāli, bezkrāsaini, pelaģiski. Embrionālā attīstība \r\n20°C siltā ūdenī ilgst 3 dienas. Kāpuri pelaģiski.', 'Sastopama Rietumāfrikas un Eiropas piekrastē uz dienvidiem no Ziemeļjūras, arī Melnajā jūrā un Azovas jūrā. \r\nIzdala vairākas formas, kas tomēr netiek uzskatītas par pasugām. Baltijas jūrā reta ieceļotāja. Ieceļo vasaras otrajā pusē, rudenī. Austrum- un Ziemeļbaltijā līdz \r\nšim noķerti 9-10 eksemplāri, no kuriem viens 1965. g. Pērnavas līcī un 70. gadu beigās Irbes šaurumā.', 4, NULL, NULL, NULL),
(14, 'Salmo salar', 'Lasis', 'Ķermenis slaids, no sāniem nedaudz saplacināts. Mute ar zobiem, vērsta uz priekšu. Mugura zaļgani vai zilgani \r\npelēka, sāni un vēders sudrabains. Uz sāniem, galvenokārt virs sānu līnijas, nelieli melni x-veida plankumi. Pirms nārsta tēviņiem ķermenis kļūst tumšs ar sarkaniem\r\nplankumiem, apakšžoklis kāšveidīgi izliecas. Mazuļiem uz sāniem 7-13 lieli tumši plankumi, uz žaunu vākiem parasti 2 melni plankumi, gar sānu līniju vienā rindā \r\nsarkani punkti. Uz muguras spuras, anālās spuras un taukspuras tumši punkti. Uz jūru migrējošie mazuļi (smolti) sudrabaini.', 'Anadroma zivs. Lielos ezeros sastopama \r\nsaldūdens forma - ezera lasis. Uzturas pa vienam. Dzīvo jūrā 1-6 gadus, tad dodas nārstot upēs. Mazuļi upēs pavada 1-5, Latvijā vairums - 2 gadus, sasniedzot 9-25 cm,\r\nLatvijā 11-18 cm garumu. Novērota līdz 3000 km tāla migrācija, pārvietošanās ātrums 100 km diennaktī. Jūrā galvenokārt barojas ar zivīm (brētliņām, reņģēm, trīsadatu\r\nstagariem u.c.), saldūdeņos pieaugušās zivis nebarojas, bet mazuļi - ar ūdens kukaiņu kāpuriem. Sasniedz 15 gadu, Latvijā 10 gadu vecumu.', '1.45', '34.000', 'Dzimumgatavība\r\niestājas 2-7 gadu vecumā, sasniedzot 40-65 cm garumu (Ls). Auglība 2-40 tūkst. ikru. Nārsto septembrī-februārī, Latvijā oktobrī-novembrī (ūdens t° 0-8°C) no 25 cm \r\nlīdz 3 m dziļumā. Raksturīgs vienlaicīgs nārsts, kas ilgst 15-48 dienas. Nārstā piedalās arī upēs nobrieduši pundurtēviņi (Ls-10-20 cm). Mātīte veido ligzdu, ierokot \r\nikrus oļos, to attīstība ilgst 70-220 dienas (240-450 grāddienas). Latvijas upēs kāpuri izšķiļas pavasarī. Reti sastopami hibrīdi ar taimiņu.', 'Atlantijas okeāna \r\nziemeļdaļa. Eiropa un Ziemeļamerika. Baltijas jūrā un Rīgas līcī. Baltijas lasis tiek uzskatīts par ģeogrāfiski izolētu populāciju. Tā migrācijas ārpus Baltijas \r\nnav novērotas. Uz nārstu upēs ienāk no jūnija līdz oktobrim. Latvijā dabiskais nārsts konstatēts 10 upēs. Latvijā kopš 1885. gada tiek mākslīgi pavairots.', 5, 6, NULL, NULL),
(15, 'Salmo trutta', 'Taimiņš', 'Ķermenis slaids, no sāniem nedaudz saplacināts. Mute ar zobiem, vērsta uz priekšu. Mugura zilganpelēka vai \r\nzeltaini brūna, sāni un vēders sudra-bains. Uz sāniem virs un zem sānu līnijas nelieli melni x-veida plankumi. Uz muguras spuras un astes spuras augšdaļas nelieli \r\nmelni plankumi. Pirms nārsta tēviņiem uz ķermeņa izveidojas sārti plankumi, apakšžoklis kāšveidīgi izliecas. Mazuļiem uz sāniem 7-13 lieli tumši plankumi un abās \r\npusēs sānu līnijai sarkani un melni punkti. Uz jūru migrējošie mazuļi (smolti) sudrabaini.', 'Anadroma zivs. Izdala arī vairākas saldūdens pasugas. Uzturas pa \r\nvienai. Dzīvo jūrā 1-7 gadus, tad dodas nārstot upēs. Mazuļi upēs pavada 1-7, Latvijā vairums 2 gadus, sasniedzot 10-19 cm garumu. Upēs sastopama taimiņa saldūdens\r\npasuga - strauta forele. Novērota līdz 600 km tāla migrācija, pārvietošanās ātrums 28 km diennaktī. Pamatbarība: zivis un vēžveidīgie. Sasniedz 19 gadu, Latvijā \r\n7 gadu vecumu.', '0.97', '10.000', 'Dzimumgatavība iestājas 2-7 gadu vecumā, sasniedzot 25-50 cm garumu (Ls). Auglība 2-30 tūkst. ikru. Nārsto septembrī-martā, Latvijā \r\noktobrī-novembrī (ūdens t° 0-9°C) 0,25-3,5 m dziļumā. Raksturīgs vienlaicīgs nārsts, kurā‰ piedalās arī upēs nobrieduši pundurtēviņi. Mātīte veido ligzdu, ierokot \r\nikrus oļos, to attīstība ilgst 60-170 dienas (360-450 grāddienas). Latvijas upēs kāpuri izšķiļas pavasarī. Veido hibrīdus ar lasi un avota paliju.', 'Eiropas Atlantijas\r\npiekraste. Latvijā jūras piekrastē. Uz nārstu ienāk upēs. Taimiņa saldūdens formu izdala kā pasugu Salmo trutta fario L. - strauta forele.', 5, 6, NULL, NULL),
(16, 'Oncorhynchus gorbuscha', 'Kuprlasis', 'Ķermenis slaids, no sāniem saplacināts. Mute ar zobiem, vērsta uz priekšu. Mugura zilgana vai zaļgana,\r\nsāni un vēders sudrabains. Uz astes spuras tumši plankumi. Pirms nārsta tēviņiem sāni kļūst brūngani vai dzeltenīgi ar nelieliem tumšiem plankumiem virs sānu līnijas,\r\naugšžoklis kāšveidīgi izliecas, izveidojas kupris.', 'Anadroma zivs. Jūrā dzīvo 1-2 gadus, tad dodas nārstot upēs. Mazuļi drīz pēc ligzdas atstāšanas migrē uz jūru. \r\nNovērota līdz 2700 km tāla migrācija, pārvietošanās ātrums 74 km diennaktī. Pamatbarība jūrā: zivis, zivju mazuļiem - vēžveidīgie. Saldūdeņos pieaugušās zivis \r\nnebarojas. Sasniedz 3 gadu vecumu.', '0.76', '6.300', 'Dzimumgatavība iestājas 1-2 gadu vecumā, sasniedzot 32-69 cm garumu (Ls). Auglība 0,4-3,2 tūkst. ikru. Nārsto \r\njūlijā-oktobrī (ūdens t° 5-19°C) 0,1-1,5 m dziļumā. Raksturīgs vienlaicīgs nārsts, kas ilgst 45-60 dienas. Mātīte veido 1-4 ligzdas, ierokot ikrus oļos vienā kopējā\r\nnārsta paugurā, un apsargā to. Ar vienu mātīti nārsto vairāki tēviņi. Nārsto vienreiz mūžā, pēc nārsta iet bojā. Ikru attīstība ilgst 30-141 dienu (300-740 grāddienas)\r\n.', 'Klusā okeāna ziemeļdaļa, nedaudz arī Ziemeļu Ledus okeāns. Āzija un Ziemeļamerika. Latvijā audzēti mazuļi no 1973. gada vismaz līdz 1980. gadam, tie ielaisti \r\nAmatā, Braslā, Daugavā, Gaujā, Sakā, Salacā, Ventā un Rīgas līcī. Populāciju izveidošanās Latvijā nav zināma.', 5, 6, NULL, NULL),
(17, 'Oncorhynchus keta', 'Ketlasis', 'Ķermenis slaids, no sāniem saplacināts. Mute ar zobiem, vērsta uz priekšu. Mugura zila, sāni un vēders \r\nsudrabains. Pirms nārsta tēviņiem uz sāniem izveidojas 4-7 lieli zaļgani, sarkanīgi vai violeti plankumi, žokļi izliecas. Nārsta laikā ķermenis var būt melns. \r\nMazuļiem uz sāniem 6-14 lieli tumši plankumi.', 'Anadroma zivs. Uzturas pa vienai. Jūrā dzīvo 2-8 gadus, tad dodas nārstot upēs. Mazuļi drīz pēc ligzdas atstāšanas, \r\n1-4 mēnešus pēc izšķilšanās, migrē uz jūru. Novērota līdz 4800 km tāla migrācija, pārvietošanās ātrums 85 km diennaktī. Pamatbarība jūrā: zivis un vēžveidīgie, \r\nmazuļiem - vēžveidīgie. Sasniedz 10 gadu vecumu.', '1.02', '20.400', 'Dzimumgatavība iestājas 2-8 gadu vecumā, sasniedzot 42-93 cm garumu (Ls). Auglība 0,7-7,9 tūkst. ikru. \r\nNārsto jūlijā-decembrī (ūdens t° 1-14°C) no 10 cm līdz 4 m dziļumā. Raksturīgs vienlaicīgs nārsts, kas ilgst apmēram 2 nedēļas. Ar vienu mātīti nārsto 1-3 tēviņi. \r\nMātīte veido 1-3 ligzdas, ierokot ikrus oļos vienā kopējā nārsta paugurā, un apsargā to. Nārsto vienreiz mūžā, pēc nārsta iet bojā. Ikru attīstība ilgst 30-196 dienas \r\n(223-610 grāddienas).', 'Klusā okeāna ziemeļdaļa, nedaudz arī Ziemeļu Ledus okeāns. Āzija un Ziemeļamerika. Latvijā no 1970. līdz 1984. gadam ielaists Gaujā, Raunā, \r\nRojā, Sakā un Rīgas līcī. Populāciju izveidošanās Latvijā nav zināma.', 5, 6, NULL, NULL),
(18, 'Oncorhynchus kisutch', 'Kižučs', 'Ķermenis slaids, no sāniem saplacināts. Mute ar zobiem, vērsta uz priekšu. Mugura zila vai zaļa, sāni un \r\nvēders sudrabains. Uz sānu un astes spuras augšdaļas tumši punkti. Pirms nārsta tēviņiem augšžoklis kāšveidīgi izliecas. Mazuļiem uz sāniem 8-14 lieli tumši plankumi, \r\nuz muguras spuras un muguras melni punkti.', 'Anadroma vai saldūdens zivs. Uzturas pa vienai. Anadromā formā jūrā dzīvo 1-2 gadus, tad dodas nārstot upēs. Mazuļi upēs\r\npavada 1-3 gadus, sasniedzot 7-17 cm garumu (Ls). Saldūdens forma dzīvo ezeros. Novērota līdz 1900 km tāla migrācija, pārvietošanās ātrums 49 km diennaktī. \r\nPamatbarība: zivis, mazuļiem - bentoss. Sasniedz 7 gadu vecumu.', '0.98', '15.000', 'Dzimumgatavība iestājas 2-6 gadu vecumā, sasniedzot 20-88 cm garumu (Ls). Auglība 0,6-10 \r\ntūkst. ikru. Nārsto augustā-martā (ūdens t° 1-19°C) 6-70 cm dziļumā. Raksturīgs vienlaicīgs nārsts. Ar vienu mātīti nārsto vairāki tēviņi. Mātīte veido 3-4 ligzdas, \r\nierokot ikrus oļos vienā kopējā nārsta paugurā. Nārsto vienreiz mūžā, pēc nārsta iet bojā. Ikru attīstība ilgst 34-158 dienas (300-538 grāddienas).', 'Klusā okeāna \r\nziemeļdaļa. Āzija un Ziemeļamerika. Latvijā 1980. gadā ielaists Briģenes, Ismeru-Žagatu, Partovas, Plusona un Viraudas ezeros, bet 1985. gadā Rīgas līcī. Populāciju \r\nizveidošanās Latvijā nav zināma.', 5, 6, NULL, NULL),
(19, 'Oncorhynchus mykiss', 'Varavīksnes forele', 'Ķermenis slaids, no sāniem nedaudz saplacināts. Mute ar zobiem, vērsta uz priekšu. \r\nCaurceļotājformai mugura tumši zila, sāni un vēders sudrabains. Saldūdens formai mugura no zilganzaļas līdz brūnai, sāni un vēders dzeltenīgs, bāls vai melnīgsnējs.\r\nUz muguras, sāniem, muguras spuras, astes spuras un taukspuras melni punkti. Pirms nārsta tēviņiem uz sāniem izveidojas gareniska sārta līdz koši sarkana svītra, \r\nkas mēdz būt izteikta arī mazuļiem. Mazuļiem uz sāniem apaļi tumši plankumi, ķermenis, muguras spura, astes spura un taukspura ar tumšiem punktiem.', 'Anadroma \r\n(tēraudgalvas lasis) vai saldūdens (varavīksnes forele) zivs. Uzturas pa vienai. Anadromā forma dzīvo jūrā 1-4 gadus, tad dodas nārstot uz upēm. Mazuļi upēs pavada \r\n1-4 gadus. Novērota līdz 960 km tāla migrācija. Pamatbarība: bentoss, ūdenī iekrituši kukaiņi un zivis. Sasniedz 18 gadu vecumu.', '0.60', '8.000', 'Dzimumgatavība iestājas\r\n2-5 gadu vecumā, sasniedzot 15-50 cm garumu (Ls). Auglība 0,2-13,2 tūkst. ikru. Nārsto septembrī-jūnijā (ūdens t° 0-15°C) 0,1-1,5 m dziļumā. Ir rudenī un pavasarī \r\nnārstojošas ekoloģiskās rases. Raksturīgs vienlaicīgs nārsts, kas ilgst 10-15 dienas. Parasti ar vienu mātīti nārsto vairāki tēviņi. Mātīte veido ligzdu, ierokot \r\nikrus oļos vai grantī, to attīstība ilgst 24-111 dienas (300-430 grāddienas).', 'Klusā okeāna austrumu piekraste. Ziemeļamerika. Latvijā ievesta 1899. gadā. \r\nZivjaudzētavās audzē arī mūsdienās. No 1939. līdz 1996. gadam ielaista vairāk nekā 35 (4%) ezeros, 12 upītēs, Ķeguma, Pļaviņu un Rīgas ūdenskrātuvē un Rīgas līcī. \r\nPopulāciju izveidošanās Baltijas baseinā nav zināma.', 5, 6, NULL, NULL),
(20, 'Salmo trutta fario', 'Strauta forele', 'Ķermenis slaids, no sāniem nedaudz saplacināts. Mute ar zobiem, vērsta uz priekšu. Mugura \r\nzaļganbrūna, sāni zaļgandzelteni, vēders dzeltenīgs. Mazuļiem uz sāniem lieli tumši plankumi. Uz muguras spuras un sāniem abās pusēs sānu līnijai melni un sarkani \r\npunkti.', 'Saldūdens zivs. Parasti uzturas pa vienai, mazuļi - nelielos bariņos. Pamatbarība: bentoss, ūdenī iekrituši kukaiņi un zivis. Sasniedz 19 gadu, Latvijā \r\n5 gadu vecumu.', '0.64', '3.000', 'Dzimumgatavība iestājas 2-4 gadu vecumā, sasniedzot 10-30 cm garumu (Ls). Auglība 0,1-5 tūkst. ikru. Nārsto septembrī-martā, Latvijā \r\noktobrī-novembrī (ūdens t° 2-8°C) 15-70 cm dziļumā. Raksturīgs vienlaicīgs nārsts, kas ilgst līdz 2 mēnešiem. Mātīte veido ligzdu, ierokot ikrus oļos, grantī, \r\nto attīstība ilgst 50-260 dienas (350-480 grāddienas). Latvijas upēs kāpuri izšķiļas pavasarī.', 'Eiropa. Latvijā sastopama daudzās upēs. Literatūrā attiecināta uz \r\nvisu lielāko upju baseinu ūdenstecēm (izņemot Lielupes baseinu). No 1898. līdz 1941. gadam mākslīgi pavairota. 1958. gadā ievesta no Čehoslovākijas. Līdz 1960. \r\ngadam ielaista Lielajā Nabas, Mazajā Nabas un Puzes ezeros. Strauta forele tiek uzskatīta par taimiņa pasugu.', 5, 6, NULL, NULL),
(21, 'Salvelinus alpinus', 'Arktikas palija', 'Ķermenis slaids, no sāniem nedaudz saplacināts. Mute ar zobiem, vērsta uz priekšu. Caurceļotājformai\r\nmugura zila, sāni un vēders sudrabains. Saldūdens formai mugura tumši zila vai olīvzaļa, sāni dzeltenīgi balti vai zaļgani, vēders dzeltenīgi sārts vai oranžs. \r\nUz sāniem sarkani vai oranži plankumi un punkti. Krūšu spuras, vēdera spuras un anālā spura sarkana. Pirms nārsta krūšu spuru, vēdera spuru un anālās spuras \r\npriekšdaļa balta. Mazuļiem uz sāniem 8-15 lieli tumši plankumi.', 'Anadroma vai saldūdens zivs. Uzturas pa vienai. Anadromā forma dzīvo jūrā, nārsto upēs. Mazuļi \r\nupēs pavada parasti 2-3 gadus (reti 4-5 gadus). Novērota līdz 940 km tāla migrācija, pārvietošanās ātrums 10 km diennaktī. Pamatbarība jūrā: vēžveidīgie un zivis, \r\nsaldūdeņos - planktons, bentoss, kukaiņi. Sasniedz 25 gadu vecumu.', '1.20', '16.000', 'Dzimumgatavība iestājas 4-14 gadu vecumā, sasniedzot 11-40 cm garumu (Ls). Auglība \r\n0,1-21 tūkst. ikru. Nārsto jūlijā-septembrī (ūdens t° 2-11°C) no 10 cm līdz 100 m dziļumā. Raksturīgs vienlaicīgs nārsts, kurā piedalās arī pundurtēviņi. Mātīte \r\nveido vienu vai vairākas ligzdas, ierokot ikrus oļos, to attīstība ilgst 21-230 dienas (490-540 grāddienas). Tēviņš apsargā ligzdu. Nārsts ne katru gadu. Veido \r\nhibrīdus ar taimiņu.', 'Cirkumpolāra. Eiropa, Āzija un Ziemeļamerika. Latvijā ievesta pirms 1929. gada, iespējams, no Ziemeļamerikas. 1940. gadā ievesta no \r\nZviedrijas. Audzēta dīķsaimniecībās. Ielaista ezeros, bet nav ziņu, kuros. Viena no paliju sugām audzēta zivjaudzētavās arī sešdesmitajos gados. Populāciju \r\nizveidošanās Latvijā nav zināma. Arktikas palija tiek uzskatīta par vairāku sugu kompleksu. Zviedrijā uz ģenētisku pētījumu pamata izdalītas 3 sugas. Eiropā \r\nizdala vismaz 24 pasugas.', 5, 6, NULL, NULL),
(22, 'Salvelinus fontinalis', 'Avota palija', 'Ķermenis slaids, no sāniem nedaudz saplacināts. Mute ar zobiem, vērsta uz priekšu. Caurceļotājformai \r\nmugura zila vai zaļa, sāni un vēders sudrabains. Saldūdens formai mugura zaļgana vai brūngana, sāni un vēdrs zaļgans. Uz sāniem sarkani vai oranži plankumi ar zilu \r\napmali. Muguras spura un astes spura ar tumšām šķērssvītrām. Pirms nārsta tēviņiem sāni kļūst sarkani, krūšu spuras, vēdera spuras un anālā spura sarkana ar baltu\r\nmalu. Mazuļiem uz sāniem 8-12 lieli tumši plankumi un bieži arī daži sarkani vai dzelteni punkti.', 'Anadroma vai saldūdens zivs. Uzturas pa vienai. Anadromā forma \r\ndzīvo jūrā, nārsto upēs. Mazuļi upēs pavada 2-3 gadus. Pamatbarība: bentoss un zivis. Sasniedz 24 gadu vecumu.', '0.90', '8.600', 'Dzimumgatavība iestājas 1-4 gadu vecumā, \r\nsasniedzot 9-20 cm garumu (Ls). Auglība 0,1-7 tūkst. ikru. Nārsto septembrī-martā (ūdens t° 4-6°C) no 0,8 līdz 1 m dziļumam. Raksturīgs vienlaicīgs nārsts. Mātīte \r\nveido ligzdu, ierokot ikrus oļos, to attīstība ilgst 50-210 dienas (350-420 grāddienas).', 'Ziemeļamerika. Latvijā ievesta 1902., 1912. un 1914. gadā. Ielaista upēs, \r\nbet nav ziņu, kurās. Viena no paliju sugām audzēta zivjaudzētavās arī sešdesmitajos gados. Populāciju izveidošanās Latvijā nav zināma. Lietuvā un Sanktpēterburgas \r\napgabala atsevišķos strautos izveidojušās populācijas. Sanktpēterburgas apgabalā ievesta gadsimta sākumā no Latvijas.', 5, 6, NULL, NULL),
(23, 'Coregonus albula', 'Repsis', 'Ķermenis slaids, no sāniem nedaudz saplacināts. Mute vērsta uz augšu. Mugura zilganzaļa, sāni un vēders \r\nsudrabains. Vēdera spuras pamatnes daļā var būt sarkanīgas.', 'Ezeru zivs. Somu līcī pastāv anadroma repšu populācija. Uzturas baros. Populāciju lielums atsevišķos\r\ngados stipri mainīgs. Novērota līdz 60 km tāla migrācija. Pamatbarība: planktons, retāk bentoss. Sasniedz 15 gadu, Latvijā 8 gadu vecumu.', '0.28', '0.250', 'Dzimumgatavība iestājas 1-4 gadu vecumā, sasniedzot 7-23 cm garumu (Ls). Auglība 0,3-57 tūkst. ikru. Nārsto septembrī-janvārī, Latvijā oktobrī-novembrī (ūdens t° \r\n0-9°C) no 50 cm līdz 100 m dziļumā. Raksturīgs vienlaicīgs nārsts, kas ilgst 3-41 un vairāk dienu. Ikri bentiski, sākumā nedaudz lipīgi, uz smiltīm, oļiem un \r\nūdensaugiem arī nedaudz dūņainās vietās, to attīstība ilgst 79-210 dienas (170-510 grāddienas). Veido hibrīdus ar sīgu.', 'Galvenokārt Baltijas jūrā ietekošo upju \r\nbaseinu saldūdeņi. Baltijas jūrā sastopama Botnijas līča ziemeļdaļā un Somu līča austrumdaļā. Latvijā trīsdesmitajos gados bijis sastopams apmēram 30 ezeros. 50.-60. \r\ngados konstatēts 11 ezeros: Alūksnes, Drīdzī, Lielajā Gusēna, Nirzas, Puzes, Rāznas, Sīverā, Stirnu, Sventes, Tērpes un Usmas. 90. gados konstatēts Ežezerā, Lejas,\r\nNirzas, Rāznas un Usmas ezerā. Latvijā repsis tiek mākslīgi pavairots vismaz kopš 1900. gada. No 1939. līdz 1981. gadam ielaists vairāk nekā 46 (6%) ezeros, kā arī\r\nĶeguma, Pļaviņu un Rīgas ūdenskrātuvē. Mēdz izdalīt vairākas repšu formas vai pasugas, piemēram, Lādogas ezerā - ripusu -Coregonus albula ladogensis Pravdin, kas \r\nievests arī Latvijā un ielaists vairākās ūdenstilpēs. Kopš 1995. gada iekļauta Latvijas Sarkanās grāmatas reto sugu (3.) kategorijā.', 6, 7, NULL, 3),
(24, 'Coregonus autumnalis migratorius', 'Baikāla omulis', 'Ķermenis slaids, no sāniem nedaudz saplacināts. Mute vērsta uz priekšu. Mugura zaļganbrūna, sāni un vēders \r\nsudrabains. Pirms nārsta tēviņiem uz ķermeņa izveidojas nārsta kārpiņas.', 'Saldūdens zivs. Uzturas baros. Dzīvo Baikāla ezerā, nārstot dodas upēs. Novērota līdz \r\n500 km tāla migrācija, pārvietošanās ātrums 20 km diennaktī. Pamatbarība: planktons un bentoss. Sasniedz 22 gadu vecumu.', '0.64', '10.000', 'Dzimumgatavība iestājas 3-9 \r\ngadu vecumā, sasniedzot 25-38 cm garumu (Ls). Auglība 3-77 tūkst. ikru. Nārsto septembrī-novembrī (ūdens t° 1-13°C) no 10 cm līdz 4 m dziļumā. Raksturīgs vienlaicīgs \r\nnārsts, kas ilgst 13-16 dienas. Ar vienu mātīti nārsto vairāki tēviņi. Ikri sākumā pielīp pie akmeņiem, oļiem, smiltīm un cita substrāta, vēlāk brīvi guļ uz grunts, \r\nto attīstība ilgst 160-236 dienas (75-220 grāddienas). Dažkārt nenārsto katru gadu. Pēc nārsta daļa īpatņu iet bojā. Veido hibrīdus ar sīgu.', 'Baikāla ezers. \r\nLatvijā ievests 1957. gadā un ielaists Rušonā un Lielajā Stropu ezerā. No Rušona iegāja Cirīša, Geraņimovas Ilzas un Zalvu ezerā (1960). Populāciju izveidošanās \r\nLatvijā nav zināma.', 6, 7, NULL, NULL),
(25, 'Coregonus lavaretus', 'Sīga', 'Ķermenis slaids vai samērā augsts, no sāniem nedaudz saplacināts. Mute vērsta uz leju. Mugura zilgan-pelēka \r\nvai zilganzaļa, sāni un vēders sudrabains. Pirms nārsta tēviņiem uz ķermeņa var izveidoties nārsta kārpiņas.', 'Anadroma vai saldūdens zivs. Latvijas ūdeņos \r\nsastopamas vairākas sīgu formas: jūru piekrastē nārstojošā sīga, sīgas anadromā forma, sīgas saldūdens forma. Anadromā forma dzīvo jūrā, nārstot dodas uz upēm. \r\nMazuļi upēs pavada 1-2 gadus. Pārvietošanās ātrums līdz 50 km diennaktī. Saldūdens forma dzīvo ezeros. Pamatbarība: bentoss, planktons, retāk zivis. Sasniedz 25\r\ngadu, Latvijā 17 gadu vecumu.', '1.30', '12.000', 'Dzimumgatavība iestājas 2-9 gadu vecumā, sasniedzot 12-40 cm, Latvijā 23-30 cm garumu (Ls). Auglība 0,7-131,4 tūkst. \r\nikru. Nārsto septembrī-decembrī, Latvijā oktobrī-novembrī (ūdens t° 0-10°C) no 20 cm līdz 30 m dziļumā. Raksturīgs vienlaicīgs nārsts, kas ilgst 6-36 dienas. \r\nIkri bentiski uz smilšainas un akmeņainas grunts, to attīstība ilgst 46-220 dienas (125-330 grāddienas). Dažkārt var nenārstot katru gadu. Jūras piekrastē nārstojošās\r\nsīgas nārsta vietas Latvijas piekrastē nav zināmas. Veido hibrīdus ar repsi, peledi un Baikāla omuli.', 'Cirkumpolāra. Jūras piekrastē nārstojošās un anadromās sīgas \r\nizplatītas Rīgas līcī un Baltijas jūras piekrastē. Sīgas saldūdens forma galvenokārt sastopama Latgales ezeros. Anadromā sīga Latvijā mākslīgi pavairotas no 1893. \r\nlīdz 1961. gadam. Saldūdens sīgas - pamatā Peipusa - C. lavaretus maracnoides Polj., retāk Ludogas - C.l. ludoga Polj. Latvijas ezeros kopš 1888. gada. Līdz 1981. \r\ngadam ielaistas vairāk nekā 68 (9 %) ezeros, kā arī Ķeguma, Pļaviņu un Rīgas ūdenskrātuvē. Populācijas izveidojušās Alaukstā un Rāznas ezerā. Raksturīga liela formu\r\ndaudzveidība, Krievijā vien izdala vismaz 85 formas. Iespējams, ka Coregonus lavaretus ir vairāku sugu komplekss. Kopš 1995. gada sīgas anadromā forma iekļauta \r\nLatvijas Sarkanajā grāmatā sarūkošo sugu (2.) kategorijā.', 6, 7, NULL, 2),
(26, 'Coregonus muksun', 'Muksuns', 'Ķermenis samērā augsts, no sāniem saplacināts. Mute vērsta uz leju. Mugura tumši zilgana, sāni un vēders \r\nsudrabains vai zeltaini dzeltenīgs.', 'Anadroma vai saldūdens zivs. Dzīvo jūrā vai upju grīvās, nārstot dodas uz upēm. Mazuļi migrē uz jūru pirmajā gadā. Saldūdens \r\nforma dzīvo ezeros. Novērota līdz 3000 km tāla migrācija, pārvietošanās ātrums 25 km diennaktī. Pamatbarība: bentoss, planktons. Sasniedz 26 gadu vecumu.', '0.94', '13.800', 'Dzimumgatavība iestājas 4-17 gadu vecumā, sasniedzot 42-62 cm garumu (Ls). Auglība 9-167 tūkst. ikru. Nārsto septembrī-decembrī (ūdens t° 0-4°C) 1,5-7 m \r\ndziļumā. Raksturīgs vienlaicīgs nārsts, kas ilgst 15-45 dienas. Ikri sākumā pielīp pie akmeņiem, oļiem un cita substrāta, vēlāk brīvi guļ uz grunts, to attīstība \r\nilgst 98-230 dienas (150-180 grāddienas). Dažkārt nārsts ne katru gadu. Veido hibrīdus ar sīgu, peledi, čiru un nelmu.', 'Ziemeļu Ledus okeāna baseins. Eiropa un \r\nĀzija. Latvijā ievests ap 1970. gadu. 1973. gadā ielaists Bruņu ezerā. Ap 1982. gadu ielaists Rīgas līcī. It kā esot ielaists arī kādā no Daugavas ūdenskrātuvēm. \r\nPopulāciju izveidošanās Latvijā nav zināma.', 6, 7, NULL, NULL),
(27, 'Coregonus nasus', 'Čirs', 'Ķermenis samērā augsts, no sāniem nedaudz saplacināts. Mute vērsta uz leju. Mugura tumši pelēka, zaļganbrūna \r\nvai melna, sāni un vēders sudrabains līdz zeltains. Pirms nārsta tēviņiem uz ķermeņa izveidojas nārsta kārpiņas.', 'Anadroma vai saldūdens zivs. Dzīvo upēs un \r\nezeros. Novērota līdz 1000 km tāla migrācija. Pamatbarība - bentoss. Sasniedz 35 gadu vecumu.', '0.86', '16.000', 'Dzimumgatavība iestājas 2-13 gadu vecumā, sasniedzot \r\n18-64 cm garumu (Ls). Auglība 9-180 tūkst. ikru. Nārsto oktobrī-decembrī (ūdens t° 0-5°°C) 2-20 m dziļumā. Raksturīgs vienlaicīgs nārsts, kas ilgst 15-32 dienas. \r\nIkri sākumā lipīgi, vēlāk brīvi guļ uz grunts, to attīstība ilgst 62-200 dienas (114-160 grāddienas). Veido hibrīdus ar muksunu un sīgu.', 'Ziemeļu Ledus okeāna \r\nbaseins. Eiropa, Āzija un Ziemeļamerika. Latvijā ievests 1960. gadā. Par ielaišanu dabiskās ūdenstilpēs un populāciju izveidošanos Latvijā ziņu nav. Peledes un \r\nčira hibrīds - pelčirs - 1977. un 1978. gadā ielaists Kālezerā, 1982. gadā - Bruņu ezerā.', 6, 7, NULL, NULL),
(28, 'Coregonus peled', 'Pelede', 'Ķermenis samērā augsts, no sāniem nedaudz saplacināts. Mute vērsta uz priekšu. Mugura tumši zilgana, sāni\r\nun vēders sudrabains. Uz galvas augšdaļas un muguras spuras mēdz būt nelieli tumši plankumi. Pirms nārsta tēviņiem uz ķermeņa izveidojas nārsta kārpiņas.', 'Saldūdens vai anadroma zivs. Uzturas baros. Novērota līdz 300 km tāla migrācija, pārvietošanās ātrums 24 km diennaktī. Pamatbarība: planktons, retāk bentoss. \r\nSasniedz 16 gadu vecumu.', '0.38', '1.100', 'Dzimumgatavība iestājas 1-7 gadu vecumā, sasniedzot 15-39 cm garumu (Ls). Auglība 1-248 tūkst. ikru. Nārsto \r\nseptembrī-janvārī (ūdens t° 0-11°C) 1-6 m dziļumā. Raksturīgs vienlaicīgs nārsts, kas ilgst 10-80 dienas. Ikri sākumā lipīgi, vēlāk brīvi guļ uz grunts, \r\nto attīstība ilgst 78-195 dienas (160-210 grāddienas). Veido hibrīdus ar sīgu un muksunu.', 'Ziemeļu Ledus okeāna baseins. Āzija. Latvijā ievesta 1954. gadā. \r\nLīdz 1986. gadam ielaista vairāk nekā 49 (6%) ezeros, kā arī Božu, Pļaviņu un Rīgas ūdenskrātuvēs. 1993. gadā viens eksemplārs noķerts Daugavas lejtecē. Populāciju \r\nizveidošanās Latvijā mūsdienās nav zināma.', 6, 7, NULL, NULL),
(29, 'Stenodus leucichthys nelma', 'Nelma', 'Ķermenis slaids, no sāniem saplacināts. Mute ar sīkiem zobiem, vērsta uz priekšu. Mugura tumši\r\nzaļgana, pelēcīga vai gaiši brūna, sāni un vēders sudrabains.', 'Anadroma vai saldūdens zivs. Uzturas pa vienai. Pirms nārsta veido koncentrācijas. Anadromā forma \r\ndzīvo jūrā, nārstot dodas uz upēm. Mazuļi upēs pavada 1-3 gadus. Saldūdens forma dzīvo ezeros. Novērota līdz 3500 km tāla migrācija, pārvietošanās ātrums 40 km \r\ndiennaktī. Pamatbarība - zivis. Sasniedz 29 gadu vecumu.', '1.62', '50.000', 'Dzimumgatavība iestājas 4-18 gadu vecumā, sasniedzot 54-86 cm garumu (Ls). Auglība 26-585 tūkst. ikru. \r\nNārsto septembrī-decembrī (ūdens t° 0-8°C) 1-3 m dziļumā. Raksturīgs vienlaicīgs nārsts, kas ilgst 9-28 dienas. Ikri sākumā lipīgi, vēlāk brīvi guļ uz grunts, to \r\nattīstība ilgst 178-200 dienas (368-439 grāddienas). Dažkārt nārsto ne katru gadu. Veido hibrīdus ar Baikāla omuli, muksunu un sīgu.', 'Ziemeļu Ledus okeāna baseins. \r\nĀzija un Ziemeļamerika. Latvijā Lielajā Stropu ezerā 1957. gadā ielaista saldūdens forma no Kubenas ezera (Ziemeļkrievija). Populāciju izveidošanās Latvijā nav \r\nzināma.', 6, 7, NULL, NULL),
(30, 'Thymallus thymallus', 'Alata', 'Ķermenis slaids, šķērsgrie-zumā ieapaļš. Mute ar sīkiem zobiem, vērsta uz priekšu. Mugura zaļganpelēka, \r\nsāni un vēders sudrabains. Uz muguras un sānu augšdaļas nelieli melni plankumi. Uz sāniem gareniskā virzienā vāji izteiktas brūnganas svītras. Krūšu spuras un \r\nvēdera spuras dzeltenīgas vai sar-kanas, muguras spura, anālā spura un astes spura violeta. Uz muguras spuras četrstaraini plankumi vairākās rindās. Pirms nārsta \r\ntēviņu krāsa kļūst īpaši spilgta, uz ķermeņa izveidojas nārsta kārpiņas. Mazuļiem uz ķermeņa sāniem raksturīgas tumšas šķērssvītras.', 'Saldūdens zivs. Sastopama \r\nupēs un lielos tīros ezeros ar akmeņainu gultni. Uzturas pa vienai vai nelielos baros. Nārsta laikā veido koncentrācijas. Novērota līdz 37 km tāla migrācija. \r\nPamatbarība: bentoss un ūdenī iekrituši kukaiņi. Sasniedz 15 gadu, Latvijā 6 gadu vecumu.', '0.37', '0.600', 'Dzimumgatavība iestājas 2-7 gadu vecumā, sasniedzot 15-45 \r\ncm garumu (l). Auglība 0,3-36,0 tūkst. ikru. Nārsto martā-jūnijā (ūdens t° 3-12°C) no 5 cm līdz 4 m dziļumā. Raksturīgs vienlaicīgs nārsts, kas ilgst 7-25 dienas. \r\nMātīte veido ligzdu, ierokot ikrus oļos vai grantī. Ikri nav lipīgi, to attīstība ilgst 13-26 dienas (115-230 grāddienas).', 'Eiropa. Latvijā konstatēta Gaujā, \r\nVentā un dažās šo upju pietekās. Literatūrā attiecināta uz Gaujas baseina upēm: Amatu, Braslu, Raunu, Vaidavu, Vaivi (1937), Abulu, Rauzu, Tirzu, Viju un citām \r\n(1961), Ventas baseinā - Abavu (1937), Cieceri, Dzeldu, Lētīžu un citām (1961), Daugavas baseinā - Pededzi (1960). Galvenokārt sastopama upju straujajos un \r\nkrāčainajos posmos. Latvijā ezeros nav konstatēta. Kopš 1995. gada iekļauta Latvijas Sarkanās grāmatas reto sugu (3.) kategorijā.', 7, 8, 7, 3),
(31, 'Osmerus eperlanus', 'Salaka', 'Ķermenis slaids, šķērsgrie-zumā ieapaļš. Mute ar sīkiem zobiem, vērsta uz augšu. Mugura zilganpelēka vai \r\nzaļganpelēka, sāni un vēders dzeltenīgs vai bālgans. Pirms nārsta tēvi-ņiem uz ķermeņa mēdz izveidoties nārsta kārpiņas.', 'Anadroma vai saldūdens zivs. Uzturas\r\nlielos baros. Populāciju lielums ļoti svārstīgs. Anadromā forma dzīvo jūras piekrastē, nārstot ienāk upju lejtecēs, saldūdens forma dzīvo ezeros. Novērota līdz\r\n100 km tāla migrācija. Saldūdens forma no jūras formas atšķiras ar mazākiem ķermeņa izmēriem. Pamatbarība: planktons, bentoss un zivju mazuļi. Sasniedz 13 gadu, \r\nLatvijā 11 (ezera salaka - 5) gadu vecumu.', '0.26', '0.173', 'Dzimumgatavība iestājas 1.-6. dzīves gadā (jūras salakai 2-4 gadu vecumā). Auglība 0,4-131,3 tūkst. \r\nikru. Nārsto martā-jūlijā, Latvijā aprīlī-maijā (ūdens t° 1-15°C) no 3 cm līdz 23 m dziļumā. Jūras salaka koncentrējas upju grīvu rajonā ziemā un februārī-aprīlī \r\nienāk upēs uz nārstu. Pēc nārsta pieaugušās zivis atgriežas jūrā. Raksturīgs vienlaicīgs nārsts, kas ilgst 3-30 dienas. Ikri pielīp pie ūdensaugiem, smiltīm, \r\nakmeņiem un cita substrāta, to attīstība ilgst 8-64 dienas (80-240 grāddienas). Jūras salakas mazuļi upēs pavada vasaru un uz jūru migrē rudenī. Saldūdens formai\r\npēc nārsta vairums īpatņu iet bojā.', 'Ziemeļeiropa. Latvijā sastopamas divas formas: anadromā -jūras salaka O.e. eperlanus un saldūdens - ezeru salaka O.e. \r\nspirinchus. Anadromā forma sastopama jūrā piekrastes rajonos, no kurienes ienāk upju lejtecēs un piejūras ezeros. Saldūdens forma trīsdesmitajos gados bijusi \r\nsastopama apmēram 30 ezeros. Piecdesmitajos gados konstatēta 7 ezeros: Drīdzī, Sīverā, Geraņimovas Ilzas, Puzes, Rāznas, Sventes un Zosnas ezeros, bet literatūrā\r\nattiecināta vēl uz 11 ezeriem. 1989. gadā konstatēta Drīdzī, Sīverā, Puzes un Rāznas ezeros.', 8, NULL, NULL, NULL),
(32, 'Esox lucius', 'līdaka', 'Ķermenis slaids, no sāniem nedaudz saplacināts. Mute ar lieliem zobiem, vērsta uz priekšu. Mugura zaļganmelna, \r\nsāni zaļgani pelēcīgi vai brūngani ar dzeltenīgiem plankumiem. Muguras spura, anālā spura un astes spura ar tumšiem plankumiem.', 'Saldūdens zivs. Uzturas pa vienai.\r\nNelielas koncentrācijas veido nārsta laikā. Mēdz ilgstoši uzturēties vienā rajonā. Novērota līdz 110 km tāla migrācija, pārvietošanās ātrums 3 km diennaktī. \r\nPamatbarība - zivis, rudeņos arī vardes. Sasniedz 33 gadu, Latvijā 13 gadu vecumu.', '1.04', '13.400', 'Dzimumgatavība iestājas 1-7 gadu vecumā, sasniedzot 20-60 cm, \r\nLatvijā 27-30 cm garumu (l). Auglība no 1 tūkst. līdz 1 milj. ikru. Nārsto februārī-jūnijā, Latvijā aprīlī-maijā (ūdens t° 0-23°C) no 5 cm līdz l0 m dziļumā. \r\nRaksturīgs vienlaicīgs nārsts 2-3 piegā-jienos, kas ilgst 5-50 dienas. Parasti ar vienu mātīti nārsto 2-8 tēviņi. Ikri sākumā pielīp pie augiem un cita substrāta, \r\nbet pēc dažām stundām līdz 2-3 dienām nobirst uz grunts, to atīstība ilgst 7-30 dienas (83-175 grāddienas). Pēc izšķilšanās kāpuri 1-15 dienas pavada \r\npiestiprinājušies pie augiem vai cita substrāta. Līdakas atšķirībā no citām zivīm galvenokārt nārsto samērā seklās applū-dušās vietās. Gados, kad piekrastes \r\npļavas nārsta laikā nav applūdušas vai ūdens līmenis pēc nārsta strauji krītas, nārsta apstākļi ir nelabvēlīgi, tas nosaka līdaku skaita ievērojamas svārstības.', 'Eiropa, Āzija un Zie- meļamerika. Latvijas saldūdeņos viena no visizplatītākajām zivju sugām. Sastopama daudzās upēs un ezeros, kā arī jūras piekrastē, īpaši upju\r\ngrīvu tuvumā. Nelielos stipri aizaugušos slēgtos ezeros parasti nav sastopama. Vismaz kopš 1930. gada tiek mākslīgi pavairota. No 1938. līdz 1996. gadam ie-laista \r\nvairāk nekā 196 (25%) ezeros, kā arī daudzās citās ūdenstilpēs.', 9, NULL, 8, NULL);
INSERT INTO `species` (`id`, `name_latin`, `name_latvian`, `description`, `biology`, `size`, `weight`, `reproduction`, `prevalence`, `family_id`, `subfamily_id`, `genus_id`, `lsg_id`) VALUES
(33, 'Anguilla anguilla', 'Zutis', 'Ķermenis čūskveida, klāts ar sīkām zvīņām, izskatās kails. Mute ar sīkiem zobiem, vērsta uz priekšu. Mugura\r\nun sānu augšdaļa zaļganbrūna, sānu apakšdaļa un vēders dzeltenīgs. Nārsta migrācijai gataviem īpatņiem mugura un sānu augšdaļa melna, sānu apakšdaļa un vēders \r\nsudrabains.', 'Katadroma zivs. Uzturas pa vienam. Nenobrieduši īpatņi sastopami saldūdeņos un jūras piekrastē. Nārstot dodas uz Atlantijas okeānu, Sargasu jūru, \r\n4-7 tūkst. km tālu no Eiropas. Pārvietošanās ātrums 63 km diennaktī. Kāpuri 1,5-3 gadu laikā ar Golfa straumi tiek atnesti līdz Eiropas krastiem. Pārvērtušies par \r\n\"stikla zušiem\", kas pēc formas ir līdzīgi pieaugušiem, taču caurspīdīgi, tie ienāk Francijas, Anglijas un citu zemju saldūdeņos. Daļa sasniedz arī Latvijas \r\npiekrasti. Dienā mēdz ierakties dūņās vai palīst zem akmeņiem vai siekstām. Aktīvāks tumsā. Ziemā mazaktīvs, parasti ierokas dūņās. Pamatbarība: bentoss, \r\nzivis un vardes. Sasniedz 35 (akvārijā - 88) gadu, Latvijā 23 gadu vecumu', '1.50', '6.000', 'Dzimumgatavība iestājas 4-20 gadu vecumā, sasniedzot 29 un vairāk cm garumu.\r\nAuglība 0,4-9,0 milj. ikru. Tiek uzskatīts, ka nārsto aprīlī-jūlijā (ūdens t° 16-17°C) 150-600 m dziļumā (kopējais dziļums 7-8 tūkst. metru). Iznārstojušie īpatņi \r\npēc nārsta iet bojā. Ikri pelaģiski, to attīstība ilgst 2-5 dienas. Laboratorijas apstākļos izdevies iegūt tikai kāpurus.', 'Eiropas saldūdeņi un jūras piekrastes.\r\nBaltijas jūras un Rīgas līča piekrastē. Latvijā ienāk ar jūru savienotās ūdenstilpēs. No 1927. līdz 1989. gadam ielaists vairāk nekā 81 (10%) ezerā un daudzās\r\ncitās ūdenstilpēs. Mazuļi tiek ievesti no ārzemēm.', 10, NULL, 9, NULL),
(34, 'Conger conger', 'Jūraszutis', 'Garš čūskveida ķermenis, gandrīz cilindrisks priekšgalā un saplacināts no sāniem astes virzienā. Zvīņu nav.\r\nGalva nedaudz saplacināta no augšas, purns smails. Mute vērsta uz priekšu, tā ir plaša un sniedzas līdz vertikālei no acs centra. Uz žokļiem un lemeškaula ir nelieli \r\nkoniski zobi. Lūpas biezas, sānos mazliet gaļīgas. Muguras spura gara, sākas aiz krūšu spuras aizmugurējās malas un aizņem ap 80% no ķermeņa garuma. Muguras spura \r\nun anālā spura saplūst vienā nedaudz noapaļotā astes spurā. Krūšu spura neliela. Vēdera spuras nav. Mugura tumši brūna, pelnu pelēka vai tumši zaļa. Vēders un sāni \r\ngaišāki - pelēki, balti, zeltaini vai brūngani. Sānu līnija gaiša. Dziļūdens eksemplāriem ķermenis ir gaišāks, bet spurām ir tumšas vai gandrīz melnas apmales.', 'Bentiska jūras zivs, satopama gan lielos dziļumos, gan piekrastē. Parasti uzturas uz akmeņainām gruntīm, piekrastes klintīs, retāk smilšainās vietās. Piekopj \r\nvientuļnieka dzīves veidu. Aktīvs naktī, dienā slēpjas spraugās starp akmeņiem vai ierokas smiltīs. Plēsējs, galvenokārt barojas ar zivīm, taču neatsakās no \r\nvēžveidīgajiem - krabjiem, vē-žiem-vientuļniekiem, arī moluskiem.', '2.74', '65.000', 'Dzimumgatavības sasniegšanas vecums nav zināms. Nārsto vasarā Atlantijas okeānā \r\ntropu zonā, starp Azoru salām un Gibraltāru (atsevišķa populācija arī Vidusjūrā) 3000-4000 m dziļumā pelagiālā. Auglība 3-8 milj. ikru. Nārstojot notiek \r\nmorfoloģiskas un fizioloģiskas izmaiņas - žokļu atrofija, skeleta deformācija, barošanās pārtraukšana. Pēc nārsta iet bojā. Kāpuru (leptocefalu) attīstība ilga.\r\nNo nārsta vietām 1-2 gadus tie pasīvi līdz ar straumēm pārvietojas uz piekrastes ūdeņiem, kur, saniedzot 14-16 cm garumu, iegūst pieauguša zuša izskatu. Mazuļi \r\nuzturas seklumā.', 'Sastopams Ziemeļatlantijas Eiropas, Ziemeļamerikas un Āfrikas pie- krastēs. Ziemeļjūrā pēdējā laikā sasto-pams ļoti reti. Baltijas jūrā līdz \r\nšim konstatēts rietumdaļā, pēdējoreiz 1963. gadā pie Štrālzundes. Kaut gan mūsu un arī kaimiņvalstu faunas apkopojumos jūras zutis tiek iekļauts, tomēr pierādījumu \r\npar tā sastopamību Austrumbaltijā un Latvijas piekrastē nav.', 11, NULL, 10, NULL),
(35, 'Abramis ballerus', 'Spāre', 'Ķermenis augsts, no sāniem saplacināts. Mute vērsta uz priekšu. Mugura zilganpelēka vai zilganzaļgana, \r\nsāni un vēders sudrabains. Pirms nārsta tēviņiem uz ķermeņa sāniem virs anālās spuras izveidojas nārsta kārpiņas.', 'Saldūdens vai puscaurceļo-tāja zivs. Uzturas\r\nbaros. Sevišķi lielas koncentrācijas veido rudenī, izvietojoties ziemošanas bedrēs, un ziemojot. Ziemā mazaktīva. Parasti sastopama upju līdzenumu daļās ar lēnu \r\nstraumi un lejtecēs. Tālākas migrācijas veic nārsta laikā. Pamatbarība: zooplanktons un bentoss. Sasniedz 20 gadu, Latvijā 7 gadu vecumu.', '0.31', '0.700', 'Dzimumgatavība\r\niestājas 2-9 gadu vecumā, sasniedzot 15-29 cm garumu (l). Auglība 2-144 tūkst. ikru. Nārsto martā-jūnijā (ūdens t° 8-20°C) no 20 cm līdz 6 m dziļumā. Raksturīgs \r\nvienlaicīgs nārsts, kas ilgst 4-30 dienas. Ikri pielīp pie augiem, to attīstība ilgst 4-15 dienas. Pirmās dienas pēc izšķilšanās kāpuri pavada, piestiprinājušies\r\npie augiem. Veido hibrīdus ar plici.', 'Eiropa un Āzija. Latvijā ļoti reta. Pa vienam eksemplāram konstatēta Ķeguma (1969) un Pļaviņu (1984) ūdenskrātuvē. Pēc \r\narheoloģiskajos izrakumos iegūtajiem datiem Daugavā bijusi sastopama arī 1. gadu tūkstotī pirms mūsu ēras. Literatūrā attiecināta uz Daugavu, Gaujas lejteci \r\n(1936), Lielupi (1959), Ventu, Salacu un piejūras ezeriem: Babītes, Juglas, Mazo Baltezeru (1962), Ķīšezeru, Lielo Baltezeru, kā arī Rīgas līci (1953). Agrāk \r\nbijusi sastopama Lubānā, bet pēc tā platības samazināšanās sākusi izzust (1937). Kopš 1995. gada iekļauta Latvijas Sarkanās grāmatas reto sugu (3.) kategorijā.', 12, NULL, NULL, NULL),
(36, 'Abramis brama', 'Plaudis', 'Ķermenis augsts, no sāniem saplacināts. Mute vērsta nedaudz uz leju. Mugura zilganpelēka, sāni un vēders \r\nsudrabains. Lielāki īpatņi (l > 23 cm) bronzas krāsā. Pirms nārsta tēviņiem uz galvas izveidojas nārsta kārpiņas.', 'Saldūdens vai puscaurceļotāja zivs. Uzturas\r\nbaros. Sevišķi lielas koncentrācijas veido rudenī, izvietojoties ziemošanas bedrēs. Ziemā mazaktīvs. Novērota līdz 440 km tāla migrācija, pār-vietošanās ātrums \r\n14 km diennaktī. Pamatbarība: bentoss, īpaši hironomīdu kāpuri un zooplanktons. Sasniedz 32 gadu, Latvijā 19 gadu vecumu.', '0.57', '5.000', 'Eiropa un Āzija. Latvijā \r\nsastopams daudzās upēs un ezeros, kā arī jūras piekrastē, īpaši upju grīvu tuvumā. Nelielās upītēs un nelielos vai stipri aiz-augušos, īpaši slēgtos ezeros parasti \r\nnav sastopams. Izplatība līdzīga pliča izpla-tībai. Vismaz kopš 1920. gada plauži tiek pārvesti no vienām ūdenstilpēm citās. No 1938. līdz 1996. gadam ielaists \r\nvairāk nekā 107 (14% ) ezeros, kā arī citās ūdenstilpēs.', 'Iekšējo ūdeņu rūpnieciskajā nozvejā pēc masas visvairāk pārstā-vētā zivju suga. 90. gados Latvijā Rīgas \r\nlīcī un Baltijas jūras piekrastē nozvejoja ap 30-80 t plaužu gadā. Bieži sastopams makšķernieku lomos. Jūras piekrastē kopš 60. gadiem nozvejas palielinās un 90. \r\ngadu vidu tās sastāda ap 70-80 t gadā.', 12, NULL, NULL, NULL),
(37, 'Alburnoides bipunctatus', 'Pavīķe', 'Ķermenis samērā augsts, no sāniem saplacināts. Mute vērsta uz priekšu. Mugura brūngani zaļa \r\n(olīv-zaļa), sāni un vēders sudrabains. Vēdera spuras un anālā spura pirms nārsta kļūst sārta.', 'Saldūdens zivs. Uzturas baros. Biežāk sastopama straujās, pat\r\nkrāčainās vietās. Pamatbarība: bentoss, ūdenī iekrituši kukaiņi un aļģes. Sasniedz 9 gadu vecumu.', '0.09', '0.016', 'Dzimumgatavība iestājas 2-3 gadu vecumā, sasniedzot \r\n4-7 cm garumu (l). Auglība 1-8 tūkst. ikru. Nārsto aprīlī-jūlijā (ūdens t° 15-24°C) seklās vietās. Raksturīgs porciju nārsts. Ikri pielīp pie grunts, to attīstība \r\nilgst 4-6 dienas (80-100 grāddienas). Veido hibrīdus ar sapalu.', 'Eiropa un Āzija. Latvijā sastopama daudzās upēs. Ezeros un jūras piekrastē nav konstatēta.', 12, NULL, NULL, NULL),
(38, 'Carassius carassius', 'Karūsa', 'Ķermenis augsts, no sāniem saplacināts. Mute vērsta uz priekšu vai nedaudz uz augšu. Mugura zaļganbrūna, \r\nsāni un vēders zeltains vai dzeltenīgi brūns. Pirms nārsta tēviņiem uz žaunu vākiem izveidojas nārsta kārpiņas.', 'Saldūdens zivs. Uzturas baros. Ziemā mazaktīva, \r\nierokas dūņās. Spēj izturēt ūdenstilpju izsalšanu līdz dūņām. Latvijā pati izturīgākā zivs attiecībā pret skābekļa trūkumu. Tālas migrācijas neveic. Pamatbarība \r\n- bentoss. Sasniedz 40 gadu, Latvijā 12 gadu vecumu.', '0.33', '3.000', 'Dzimumgatavība iestājas 2-7 gadu vecumā, sasniedzot 7-20 cm, Latvijā 11-23 cm garumu (l). Auglība\r\n0,7-513 tūkst. ikru. Nārsto maijā-augustā, Latvijā jūnijā-jūlijā (ūdens t° 13-27°C) no 15 cm līdz 3 m dziļumā. Raksturīgs porciju nārsts 2-5 piegājienos ar 10-15 \r\ndienu starplaiku. Kopējais nārsta ilgums 30-64 dienas. Ikri pielīp pie augiem, to attīstība ilgst 2-10 dienas (75-90 grāddienas). Pēc izšķilšanās kāpuri 1-3 dienas\r\npavada, piestiprinā-jušies pie augiem. Veido hibrīdus ar karpu un sudrabkarūsu.', 'Eiropa un Āzija. Latvijā saldūdeņos viena no visizplatītākajām zivju sugām. \r\nSastopama daudzās upēs un vairumā ezeru un dīķu, kā arī jūrā upju grīvu rajonos. No 1958. līdz 1996. ga- dam ielaista vairāk nekā 152 (19%) ezeros. Izplatību \r\nveicina arī makšķernieki.', 12, NULL, NULL, NULL),
(39, 'Pelecus cultratus', 'Kaze', 'Ķermenis samērā slaids, no sāniem saplacināts. Mute vērsta uz augšu. Mugura zilgana vai pelēcīgi zaļgana,\r\nsāni un vēders sudrabains. Krūšu spuras, vēdera spura un anālā spura var būt dzeltenīga vai sārta.', 'Anadroma saldūdens zivs. Uzturas baros. Lielākas koncentrācijas\r\nveido nārsta laikā un izvietojoties ziemošanas bedrēs. Ziemā mazaktīva. Novērota līdz 500 km tāla migrācija. Pamatbarība: zivis, bentoss, planktons un ūdenī iekrituši\r\nkukaiņi. Sasniedz 20 gadu, Latvijā 12 gadu vecumu', '0.37', '0.500', 'Dzimumgatavība iestājas 1-7 gadu vecumā, sasniedzot 16-28 cm garumu (l). Auglība 1-152 tūkst. \r\nikru. Nārsto aprīlī-jūlijā (ūdens t° 8-26°C) no 10 cm līdz 9 m dziļumā. Raksturīgs vienlaicīgs nārsts smilšainās vai zāļainās vietās upēs vai jūras līčos \r\n(Kuršu jomā Lietuvā), kas ilgst 2-60 dienas. Ikri puspelaģiski vai pelaģiski, to attīstība ilgst 2-8 dienas (70 grāddienas).', 'Eiropa un Āzija. Latvijā jau kopš \r\ngadsimta sākuma tiek uzskatīta par retu sugu. Latvijā 2 eksemplāri konstatēti Mazajā Baltezerā (1929), 1930. gadā viens Dūņezerā vai Lilastes ezerā. Literatūrā \r\nattiecināta arī uz citiem piejūras ezeriem - Juglas un Lielo Baltezeru (1962), kā arī uz Gaujas baseinu (1960). 80.-90. gados atsevišķi eksemplāri noķerti Irbes \r\ngrīvā, Lielupē un Ventā, jūras piekrastē pie Ventas, Irbes, Salacas, Daugavas un Vitrupes grīvām, kā arī Ķurmjraga tuvumā. 1993.-1995. gados vairāki eksemplāri \r\nnoķerti Ķīšezerā.', 12, NULL, NULL, 3),
(40, 'Tinca tinca', 'Līnis', 'Ķermenis samērā augsts, no sāniem nedaudz saplacināts. Mute vērsta uz priekšu vai nedaudz uz leju. Mugura \r\nzaļganbrūna, sāni zaļgandzelteni, vēders dzeltenīgs. Tēviņiem vēdera spuras otrais stars ievērojami resnāks par pārējiem.', 'Saldūdens zivs. Mazuļi uzturas baros, \r\nbet pieaugušie īpatņi - pa vienam. Nelielus bariņus veido nārsta laikā un ziemojot. Ziemā mazaktīvs, mēdz ierakties dūņās. Pamatbarība - bentoss. Sasniedz 18 gadu,\r\nLatvijā 14 gadu vecumu.', '0.53', '3.700', 'Dzimumgatavība iestājas 2-7 gadu vecumā, sasniedzot 6-25 cm, Latvijā 9-27 cm garumu (l). Auglība no 5,6 tūkst. līdz 1,2 milj. \r\nikru. Nārsto aprīlī-augustā, Latvijā maijā-augustā (ūdens t° 14-27°C) no 15 cm līdz 2 m dziļumā. Raksturīgs porciju nārsts 2-3 (8) piegājienos ar 9-30 dienu \r\nstarplaiku. Kopējais nārsta ilgums 25-60 dienas. Ikri pielīp pie ūdensaugiem un grunts, to attīstība ilgst 3-7 dienas (60-80 grāddienas). Pēc izšķilšanās kāpuri \r\n3-4 dienas pavada, piestiprinājušies pie augiem.', 'Eiropa un Āzija. Latvijā saldūdeņos viena no visizplatītākajām zivju sugām. Sastopams daudzās upēs un vairumā \r\nezeru, kā arī jūrā, lielo upju grīvu tiešā tuvumā. Nelielos, seklos, slēgtos ezeros, kur regulāri notiek zivju slāpšana, nav sastopams. No 1955. līdz 1996. gadam \r\nielaists vairāk nekā 120 (15%) ezeros. Selekcionēta līņa Æzeltaæ forma - Tinca tinca aberratio aurata Bloch, kas no pamatformas atšķiras ar gaiši zeltaino krāsu.', 12, NULL, NULL, NULL),
(41, 'Cobitis taenia', 'Akmeņgrauzis', 'Ķermenis slaids, no sāniem saplacināts. Mute vērsta uz leju. Pie augšžokļa 6 taustekļi. Ķermenis klāts \r\nar sīkām zvīņām, izskatās kails. Mugura brūngana, sāni un vēders dzeltenīgs vai pelēcīgs. Uz muguras un sāniem tumši plankumi, kas veido gareniskas svītras.\r\nMuguras spura un astes spura ar tumšiem punktiem.', 'Saldūdens zivs. Parasti uzturas pa vienam vai nelielos baros pie grunts. Pirms nārsta un ziemošanas veido \r\nkoncentrācijas. Aktīvāks tumsā. Dienā parasti ierokas gruntī vai slēpjas starp akmeņiem un citiem zemūdens priekšmetiem. Ziemo, ieracies gruntī. Tālas migrācijas\r\nneveic. Pamatbarība: bentoss un planktons. Sasniedz 10 gadu vecumu.', '0.12', '0.009', 'Saldūdens zivs. Parasti uzturas pa vienam vai nelielos baros pie grunts. Pirms \r\nnārsta un ziemošanas veido koncentrācijas. Aktīvāks tumsā. Dienā parasti ierokas gruntī vai slēpjas starp akmeņiem un citiem zemūdens priekšmetiem. Ziemo, ieracies\r\ngruntī. Tālas migrācijas neveic. Pamatbarība: bentoss un planktons. Sasniedz 10 gadu vecumu.', 'Dzimumgatavība iestājas 1-3 gadu vecumā, sasniedzot 4-7 cm, Latvijā \r\n5-7 cm garumu (l). Auglība 0,1-5,3 tūkst. ikru. Nārsto aprīlī-jūlijā, Latvijā jūlijā-augustā (ūdens t° 14-24°C) no 10 cm līdz 1 m dziļumā. Raksturīgs porciju nārsts\r\n2-3 piegājienos, kas ilgst 20-60 dienas. Ikri sākumā pielīp pie augiem un cita substrāta vai peld tuvu pie grunts, to attīstība ilgst 3-7 dienas. Uzskata, ka \r\nakmeņgrauzis līdzīgi sudrabkarūsai var vairoties partenoģenētiski.', 13, NULL, NULL, NULL),
(42, 'Misgurnus fossilis', 'Pīkste', 'Ķermenis slaids, šķērsgriezumā ieapaļš. Mute vērsta uz leju. Pie augšžokļa un apakšžokļa pa 2 pāriem \r\ntaustekļu, mutes kaktiņos pa vienam (kopā 10). Ķermenis klāts ar sīkām zvīņām. Mugura brūna vai pelēkbrūna, sāni un vēders dzeltens ar tumšām gareniskām svītrām.\r\nUz ķermeņa un spurām daudzi nelieli tumši plankumi un punkti. Vēders mēdz būt spilgti oranžā krāsā.', 'Saldūdens zivs. Parasti uzturas pa vienai. Pirms nārsta un \r\nziemošanas veido koncentrācijas. Aktīvāka tumsā. Uzturas pie grunts, bieži, arī ziemojot, ierokas dūņās. Tālas migrācijas neveic. Pamatbarība ­ bentoss. Sasniedz\r\n22 gadu vecumu.', '0.24', '0.070', 'Dzimumgatavība iestājas 2-3 gadu vecumā, sasniedzot apmēram 14 cm garumu (l). Auglība 2-150 tūkst. ikru. Nārsto martā-augustā,\r\nLatvijā jūnijā (ūdens t° 3-24°C) 40-60 cm dziļumā. Raksturīgs porciju nārsts līdz 3 piegājienos, kas ilgst 11-16 dienas un ilgāk. Ikri pielīp pie ūdensaugiem \r\nvai grunts, to attīstība ilgst 4-14 dienas (100-120 grāddienas). Pēc izšķilšanās kāpuri līdz 4 dienām pavada piestiprinājušies pie augiem.', 'Eiropa. Latvijā \r\nsastopama daudzās upēs, ezeros un citās ūdenstilpēs dūņainās vietās ar stāvošu vai lēni tekošu ūdeni.', 13, NULL, NULL, NULL),
(43, 'Noemacheilus barbatulus', 'Bārdainais akmeņgrauzis', 'Ķermenis slaids, šķērsgriezumā ieapaļš. Mute vērsta uz leju. Pie augšžokļa 6 \r\ntaustekļi. Ķermenis klāts ar sīkām zvīņām, izskatās kails. Mugura zaļganbrūna, sāni dzeltenbrūni, vēders dzeltens. Uz muguras, sāniem un spurām dažādas formas \r\ntumši plankumi. Pirms nārsta tēviņiem un mātītēm uz ķermeņa un spurām izveidojas nārsta kārpiņas, tēviņiem ķermeņa augšdaļā un apakšdaļā pie astes izveidojas \r\nādas kroka.', 'Saldūdens zivs. Parasti uzturas pa vienam, retāk nelielos baros pie grunts. Pirms nārsta un ziemošanas veido koncentrācijas. Aktīvāks tumsā. \r\nDienā parasti slēpjas zem akmeņiem, siekstām un citiem zemūdens priekšmetiem. Tālas migrācijas neveic. Pamatbarība: bentoss un planktons. Sasniedz 10 gadu \r\nvecumu.', '0.12', '0.016', 'Dzimumgatavība iestājas 1-3 gadu vecumā, sasniedzot 5-6 cm garumu (l). Auglība 0,1-25,6 tūkst. ikru. Nārsto martā-augustā, Latvijā \r\njūlijā (ūdens t° 8-20°C) 18-24 cm dziļumā. Raksturīgs porciju nārsts 2-3 piegājienos, kas ilgst 14-35 dienas. Ikri pielīp pie akmeņiem, smiltīm, augiem un \r\ncita substrāta, to attīstība ilgst 4-16 dienas (100-120 grāddienas).', 'Eiropa un Āzija. Latvijā sastopams daudzās upēs, kā arī meliorācijas grāvjos vairākus \r\nkilo- metrus no ietekas upē. Konstatēts Rušonā (1963), deviņdesmitajos gados - Apsauju, Laidzes un Rāznas ezerā. Literatūrā attiecināts uz Babītes, Drīdža, \r\nGeraņimovas Ilzas un Sīvera ezeru (1959, l962, 1972). Ūdenstilpēs ar dūņainu gultni parasti nav sastopams.', 13, NULL, NULL, NULL),
(44, 'Sabanejewia baltica Witkowski', 'Ziemeļu zeltainais akmeņgrauzis', 'Ķermenis slaids (6-9 cm), saplacināts, mute uz leju. Ķermenis \r\nvirs sānu līnijas brūns ar baltiem un dzelteniem, sīkiem punktiem. Visai līdzīgs akmeņgrauzim (Cobitis taenia), bet atšķirams pēc lieliem, kvadrātveidīgiem\r\nplankumiem sānu līnijas joslā, kas savstarpēji skaidri nodalīti un neveido svītras.', NULL, NULL, NULL, NULL, 'Kopš 2008.gada Latvijā Gaujas, Daugavas un, visticamāk, arī \r\nVentas baseinā zināma ļoti reta akmeņgraužu dzimtas suga. Aprakstīta 1994.gadā no Oderas (Polijā) baseina vispirms kā Kaspijas jūras un Donas baseinā plašāk\r\nsastopamā zeltainā akmeņgrauža S.aurata pasuga (S.a. ssp. baltica), taču vairāku pazīmju atšķirību dēļ pacelta savrupas sugas rangā. Baltijas jūras baseina \r\naustrumdaļā rets akmeņgrauzis, galvenokārt akmeņainās un smilšainās lielo upju augštecēs un mazās pietekās.', 13, NULL, NULL, NULL),
(45, 'Belone belone', 'Vējzivs', 'Ķermenis stipri pagarināts, šķērsgriezumā apaļš vai nedaudz sāniski saplacināts. Abi žokļi stipri izstiepti,\r\nklāti ar asiem zobiem. Apakšžoklis ir nedaudz garāks. Spuras bez asiem dzeloņiem. Muguras spuras atrodas virs anālās spuras. Vēdera spura atrodas tālu aiz krūšu\r\nspuras, ķermeņa vidū. Astes spura šķelta, sānu ķīļa uz astes stumbra nav. Sānu līnija atrodas ķermeņa apakšdaļā. Mugura zilganzaļa, spīdoša, sāni un vēders - \r\nsudrabaini.', 'Pelaģiska jūras zivs, uzturas ūdens virsējos slāņos, laba peldētāja. Plēsēja, galvenokārt barojas ar sīkām zivīm, īpaši reņģu mazuļiem, stagariem, \r\nbrētliņām, arī ar vēžveidīgajiem un kukaiņiem. Uzvedība Baltijas jūrā pētīta maz.', '0.77', '0.985', 'Dzimumgatavību sasniedz otrajā dzīves gadā, 50 cm garumā.\r\nNārsto piekrastē 10-20 m dziļumā no maija līdz jūnijm. Auglība 30-45 tūkst. ikru. Ikriem ir 60-80 gari pavedieni, ar kuriem tie piestiprinās pie ūdensaugiem \r\nvai peldošiem priekšmetiem. Embrionālā attīstība ilgst 4-6 nedēļas. Kāpuri pelaģiski.', 'Saimnieciskā nozīme neliela, lai gan gaļa garšīga. Baltijas jūrā gadā \r\nnozvejo 100-900 t, galvenokārt dienvidu un rietumu rajonos. Latvijā nozvejo ap 2-8 t gadā, galvenokārt Rīgas līča ziemeļu un rietumu daļā vasaras mēnešos. \r\nRietumeiropā - sporta zvejas objekts.', 14, NULL, NULL, NULL),
(46, 'Gasterosteus aculeatus', 'Trīsadatu stagars', 'Ķermenis samērā augsts, no sāniem saplacināts. Mute ar sīkiem zobiem, vērsta nedaudz uz \r\naugšu. Uz sāniem 0-37 kaula plātnītes, zvīņu nav. Mugura zaļganpelēka, zilganpelēka vai zaļganbrūna, sāni un vēders sudrabains. Pirms nārsta mātītēm uz sāniem \r\nmēdz izveidoties 8-9 tumšas šķērssvītras, tēviņiem ķermenis kļūst smaragdzaļš, vēders un daļēji arī sāni sarkani, acs varavīksnene zila.', 'Saldūdens vai jūras \r\nzivs. Saldūdeņos parasti uzturas nelielos bariņos, bet jūrā veido lielus barus, īpaši nārsta laikā. Pamatbarība: bentoss un planktons. Sasniedz 6 gadu vecumu.', '0.08', '0.004', 'Dzimumgatavība iestājas 1-4 gadu vecumā, sasniedzot 3-5 cm, Latvijā 4-5 cm garumu (l). Auglība 30-1950 ikru. Nārsto martā-augustā, Latvijā maijā-jūnijā \r\n (ūdens t° 7-26°C) no 4 cm līdz 1 m dziļumā. Raksturīgs porciju nārsts 3-7 piegājienos, kas ilgst apmēram 2 mēnešus. Tēviņš veido no augiem uz grunts tuneļveida \r\n ligzdu un apsargā to. Vienā ligzdā 1-3 mātītes iznērš 0,1- 4 tūkst. ikrus, to attīstība ilgst 4-27 dienas (90-120 grāddienas). Kad mazuļi sāk brīvi peldēt, tēviņš\r\n var veidot jaunu ligzdu. Pēc nārsta daudzi īpatņi iet bojā.', 'Eiropa, Āzija un Ziemeļ- amerika. Latvijā sastopams jūras piekrastē un ar jūru savienotos saldūdeņos\r\n - upēs, ūdenskrātuvēs un piejūras ezeros. Literatūrā attiecināts uz Alūksnes, Puzes un Usmas ezeru (1959). Baltijas jūrā galvenokārt sastopams ūdens virsējos \r\n slāņos un piekrastē līdz 2-3 m dziļumā, taču atsevišķi eksemplāri konstatēti arī jūras centrālajā daļā līdz pat 70 m dziļumā. Iespējams, ka Gasterosteus aculeatus\r\n ir vairāku sugu vai pasugu komplekss.', 15, NULL, NULL, NULL),
(47, 'Pungitius pungitius', 'Deviņadatu stagars', 'Ķermenis slaids, no sāniem nedaudz saplacināts. Mute ar sīkiem zobiem, vērsta nedaudz uz augšu.\r\nUz astes 0-15 kaula plātnītes, zvīņu nav. Mugura zaļganbrūna ar tumšiem plankumiem, sāni un vēders sudrabains vai zaļgandzeltens. Pirms nārsta tēviņi kļūst melni, \r\nbet to vēdera spuru dzeloņveida stari - balti.', 'Saldūdens vai jūras zivs. Uzturas baros, saldūdeņos arī pa vienai. Pamatbarība: bentoss un planktons. Sasniedz 4 \r\ngadu vecumu.', '0.07', '0.003', 'Dzimumgatavība iestājas viena gada vecumā, sasniedzot 2-3 cm, Latvijā 3-4 cm garumu (l). Auglība 80-960 ikru. Nārsto aprīlī-augustā, \r\nLatvijā maijā-jūlijā (ūdens t° 12-21°C) 10-15 cm un lielākā dziļumā. Raksturīgs porciju nārsts, kas ilgst apmēram mēnesi. Tēviņš veido tuneļveida ligzdu 8-15 cm \r\nvirs grunts un apsargā to. Ikru attīstība ilgst 4-20 dienas. Kad mazuļi sāk brīvi peldēt, tēviņš var veidot jaunu ligzdu.', 'Eiropa, Āzija un Zie- meļamerika. \r\nLatvijā sastopams jūras piekrastē un ar jūru savienotos saldūdeņos - upēs, ūdenskrātuvēs un piejūras ezeros, arī meliorācijas grāvjos vairākus kilometrus no to \r\nietekas upē. Deviņdesmitajos gados konstatēts Lielajā Stropu, Stundezerā un Usmas ezerā. Literatūrā attiecināts uz Puzes (1959) un Lielo Kalupes (1961) ezeru. \r\nMēdz savairoties dīķsaimniecībās, no kurām kopā ar karpām un karūsām var tikt ielaists arī ar jūru nesavienotās ūdens tilpēs.', 15, NULL, NULL, NULL),
(48, 'Spinachia spinachia', 'Jūrasstagars', 'Ķermenis slaids, vēderdaļā šķērsgriezumā piecšķautņains. Astes stumbrs ļoti garš un tievs. Gar \r\nķermeni vairākas šķautņainu kaula plātnīšu rindas, kas tuvāk astei veido nepārtrauktas kaula bruņas. Galva gara ar piecstūrainu cauruļveida purnu. Mute maza. \r\nAcis lielas. Pirms muguras spuras 14-17, parasti 15 īsi dzeloņi. Vēdera dzeloņi mazi, tie atrodas aiz krūšu spuras. Muguras spura atrodas virs anālās, abām tām \r\nir trīsstūra forma. Astes spura liela, vēdekļveidīga. Mugura un astes stumbrs zaļganbrūns, sāni zeltaini ar tumšām svītrām, vēders - dzeltens. Muguras spuras un\r\nanālās spuras priekšējās malas melni brūnas vai ar melni brūniem plankumiem.', 'Jūras zivs, galvenokārt uzturas piekrastē līdz 10 m dziļumā starp jūraszālēm. \r\nZiemo nedaudz dziļāk. Lielus barus neveido. Barojas galveno-kārt ar vēžveidīgajiem - airkājvēžiem un sānpeldvēžiem (Gammarus). Var sasniegt 2 gadu vecumu.', '0.14', '0.007', 'Dzimumgatavību sasniedz pirmajā gadā. Nārsto aprīlī-jūnijā, auglība līdz 1000 ikriem. Tēviņi veido dūres lieluma iegarenu ligzdu starp jūraszālēm, \r\ntā parasti novietota nedaudz virs grunts. Ligzda tiek \"salīmēta\" ar īpašu nieru sekrētu. Ikrus nērš porcijās pa 150-200 ikriem katrā. Iespējams, ka vienā ligzdā \r\nikrus nērš vairākas mātītes. Ikrus apsargā tēviņš. Mazuļi izšķiļas pēc 2-3 nedēļām.', 'Ziemeļeiropas rietumu piekraste. Baltijas jūrā gandrīz visā piekrastē. Ļoti\r\nrets. Latvijas piekrastē 80.-90. gados zināmi tikai 3 noķeršanas gadījumi (pie Salacgrīvas un Kurzemes ziemeļu piekrastē). Noķerts arī Daugavas lejtecē pie Doles \r\nsalas (1990.g).', 15, NULL, NULL, 3),
(49, 'Nerophis ophidion', 'Čūskzivs', 'Ķermenis tievs, gluds, gandrīz pavedienveida, šķērsgriezumā ieapaļš. Kaula plātnītes bez asām malām, \r\nsegmentu veidā aptver ķermeni. Purns īss, cauruļveida, mute maza, vērsta uz augšu. Anālās un astes spuru nav. Par 10 cm lielākām pieaugušām zivīm nav arī krūšu \r\nspuras. Muguras spuras lielākā daļa atrodas virs astes daļas. Sānu līnija redzama. Tēviņiem vēders, īpaši nārsta laikā, ir saplacināts, tur atrodas vaļēja, ar \r\nādas kokām nesegta perējamā soma, mātītēm savukārt ķermenis ir nedaudz masīvāks, bet vēders - ieapaļš. Mugura zaļganbrūna, sāni gaiši zaļi, dažreiz ar punktojumu. \r\nNārstojošām mātītēm uz vēdera gaišzilas joslas.', 'Jūras piekrastes zivs. Uzturas vietās ar labi aerētu ūdeni un jūraszāļu Zostera audzēm uz smilšainām vai \r\ngliemežakmens gruntīm. Bieži arī mazsāļos ūdeņos un upju grīvu rajonos. Planktonofāga, barojas galvenokārt ar vēžveidīgajiem. Tēviņu un mātīšu augšanas tempu \r\natšķirības izpaužas ne ātrāk kā otrajā gadā. Tēviņi dzīvo 2 gadus, mātītes - vismaz 3 gadus.', '0.30', NULL, 'Dzimumgatavību sasniedz otrajā gadā. Nārsto no jūnija \r\nvidus līdz augusta vidum. Auglība 200-300 ikru. Tēviņu perējamā somā parasti ir 120-150 ikri divās rindās. Izšķīlušies mazuļi ir apmēram 11 mm gari. 3-4 mēnešus \r\ntie pavada pelagiālā kopā ar planktonu. Tēviņi pēc nārsta iet bojā.', 'Eiropas un Ziemeļāfrikas piekrastes ūdeņi. Baltijas jūrā līdz Somu un Botnijas līča vidusdaļai.\r\nIzplatība neskaidra, taču Rīgas līča dienviddaļā samērā bieža. 1939. gadā konstatēta arī Lielupes lejtecē 10 km no grīvas.', 16, NULL, NULL, NULL),
(50, 'Syngnathus typhle', 'Gardeguna adatzivs', 'Ķermenis tievs, garš, šķērsgriezumā seššķautņains vai septiņšķautņains, riņķveidā klāts ar kaula \r\nplātnītēm. Krūšu, anālā un astes spura maza, vēdera spuras nav. Purns nedaudz saplacināts no sāniem, priekšgalā - noapaļots, mute vērsta augšup, zobu nav. Acis mazas.\r\nTēviņam aiz anālās spuras atrodas ar ādas krokām slēgta perējamā soma. Mātītei savukārt galva ir garāka, bet pats ķermenis ir lielāks un augstāks. Ķermenis no \r\ndzeltenzaļa līdz brūnam ar tumšiem plankumiem un svītrām.', 'Puspelaģiska jūras zivs. Eirihalīna. Sastopama jūras piekrastē līdz 20 m dziļumam. Ziemā uzturas nedaudz \r\ndziļāk, agri pavasarī martā-aprīlī pārvietojas tuvāk piekrastei uz jūraszāļu Zostera audzēm. Veido 10-30 īpatņu lielus barus. Nektobentofāgs, barojas ar sīkiem \r\nvēžveidīgajiem, citu zivju kāpuriem, barību uzņem, to iesūcot no attāluma. Dzīvo vismaz 3 gadus. Spēj panest diezgan ievērojamu ūdens piesārņojuma pakāpi.', '0.20', NULL, 'Dzimumgatavību sasniedz 12 cm garumā. Nārsto no marta līdz oktobrim, galvenokārt jūnijā-augustā, kad ūdens t° lielāka par 13°C. Nārsta laikā, kas ilgst \r\nvairākas dienas, mātītes cenšas pievērst tēviņa uzmanību, tam agresīvi uzbrūkot. Sākumā tēviņš izvairās, bet vēlāk uzturas mātītes tuvumā. Tad mātīte cilpveidā \r\napvijas ap tēviņu un ienērš ikrus tā perējamā somā. Auglība 40-450 ikru. Tēviņa perējamā somā ir ap 100-150 ikru vairākās rindās. Mātīte ikrus nērš vismaz 2 porcijās.\r\nIespējams, ka tēviņš ikrus uzņem no vairākām mātītēm. Mazuļu attīstība somā ilgst 4-5 nedēļas. Mazuļi uzsāk patstāvīgu dzīvi, jau pilnīgi izveidojušies.', 'Visa \r\nEiropas un Ziemeļāfrikas piekraste. Baltijas jūrā līdz Helsinkiem. Vietām sastopama samērā bieži, Latvijas piekrastē un Rīgas līcī - reta.', 16, NULL, NULL, NULL),
(51, 'Silurus glanis', 'Sams', 'Ķermenis šķērsgriezumā ieapaļš. Galva liela, no augšas saplacināta. Mute ar sīkiem zobiem, vērsta uz augšu. \r\nPie augšžokļa 2 gari, pie apakšžokļa ­ 4 īsi taustekļi. Ķermenis kails, bez zvīņām. Mugura un sāni dzeltenīgi zaļi ar tumšiem plankumiem, vēders balts.', 'Saldūdens\r\nzivs. Mazuļi uzturas baros, pieaugušie - pa vienam. Nelielus bariņus veido nārsta un ziemošanas laikā. Parasti uzturas slēptuvēs. Aktīvāks tumsā. Novērota līdz 100 \r\nkm tāla migrācija. Pamatbarība: zivis un vardes. Sasniedz 38(80) gadu, Latvijā 13 gadu vecumu.', '2.20', '56.000', 'Dzimumgatavība iestājas 2-7 gadu vecumā, sasniedzot 35-108 \r\ncm garumu. Auglība no 4 tūkst. līdz 1,4 milj. ikru. Nārsto aprīlī-augustā (ūdens t° 16-28°C) no 20 cm līdz 6 m dziļumā. Raksturīgs porciju (4-6 piegājieni) vai \r\nvienlaicīgs nārsts, kas ilgst 1-3 mēnešus. Nārsto pa pāriem attīrītos laukumos ­ \"ligzdās\". Ikri pielīp pie substrāta, to attīstība ilgst 2-14 dienas (60-80 \r\ngrād-dienas). Tēviņš mēdz apsargāt ikrus.', 'Eiropa un Āzija. Latvijā galvenokārt apdzīvo Daugavas un tās pietekas Aiviekstes baseinus. Atsevišķus eksemplārus\r\nnoķer jūras piekrastē, Rīgas līča dienvidu un austrumu piekrastēs. Literatūrā attiecināts uz Ventu (1958), Lielupi (1959), piejūras ezeriem - Ķīš- ezeru (1956),\r\nLielo Baltezeru un Mazo Baltezeru (1962), kā arī uz Puzes (1959) un Lielo Kalupes (1961) ezeru. Kopš 1996. gada iekļauts Latvijas Sarkanās grāmatas reto sugu (3.)\r\nkategorijā.', 17, NULL, NULL, 3),
(52, 'Enchelyopus cimbrius', 'Jūrasvēdzele', 'Ķermenis iegarens ar divām muguras spurām un vienu anālo spuru. Pirmā muguras spura reducējusies \r\nlīdz vienam staram. Aiz tā seklā rievā seko īsu smalku pavedienveida staru rinda. Galva neliela ar platu muti. Augšžoklis izbīdīts uz priekšu, strups. Ir četri \r\ntaustekļi: viens uz apakšžokļa, viens augšlūpas centrā un divi katrā pusē pie ārējās nāss. Sānu līnija ķermeņa priekšdaļā izliekta uz augšu. Mugura no pelēkbrūnas\r\nlīdz sarkanbrūnai, sāni pelēcīgi, vēdars balts ar zilganpelēku nokrāsu. Uz sāniem, otrās muguras spuras un anālās spuras var būt tumši plankumi.', 'Bentiska jūras\r\nzivs. Sastopama 20-130 m dziļumā. Galvenokārt uzturas uz dūņainām gruntīm, arī pie relatīvi zema ūdens piesātinājuma ar skābekli (līdz 1 ml/l). Uzvedība pētīta maz.\r\nVeic lokālas migrācijas krasta virzienā rudenī, no krasta - pavasarī. Bentofāgs. Barojas ar bentiskajiem vēžveidīgajiem, tārpiem.', '0.30', NULL, 'Nārsto jūras ieplakās \r\nno marta līdz augustam. Ikri un kāpuri pelaģiski. Auglība ap 500 tūkst. ikru.', 'Ziemeļatlantija, Eiropas piekrastē no Biskaja līča līdz Islandei un Barenca jūras\r\nrietumdaļai. Baltijas jūrā līdz Somu līča rietumdaļai un Botnijas līcim. Jūras centrālajā daļā, īpaši pava- sarī, dziļāk par 80-100 m uz dūņainām gruntīm, vietām\r\nbieži.', 18, NULL, NULL, NULL),
(53, 'Gadus morhua callarias ', 'Menca', 'Ķermenis vārpstveida, galva liela. Augšžoklis garāks par apakšžokli, uz kura atrodas labi attīstīts \r\ntausteklis. Acis mazas. Trīs viena no otras pilnīgi atdalītas muguras spuras un divas anālās spuras. Astes spura gandrīz taisna. Sānu līnija gaiša, puslokā izliecas \r\nvirs krūšu spuras. Mugura un galvas augšdaļa no zaļganpelēkas līdz olīvzaļai ar daudziem tumšiem plankumiem. Sāni gaišāki, vēders balts vai netīri balts.', 'Bentiska\r\njūras zivs, dzīvo baros, sastopama līdz 150 m dziļumam. Raksturīgas garas nārsta un barošanās migrācijas. Barošanās periodā (jūlijs-janvāris) uzturas līdz 80 m \r\ndziļumā, mazuļi - tuvāk piekrastei 20-60 m dziļumā. Plēsēja - bentofāgs. Mazuļi un dzimumnenobriedušās zivis galvenokārt barojas ar šķeltkājvēžiem (Mysis sp.), \r\npieaugušās zivis - ar brētliņām, reņģēm, grēvēm u.c. Var sasniegt 17 gadu vecumu.', '1.32', '25.000', 'Dzimumgatavību sasniedz otrajā-trešajā gadā. Nārsto no februāra \r\nlīdz augustam, masveidā aprīlī-maijā. Galvenās nārsta vietas atrodas Bornholmas, Gdaņskas un Gotlandes ieplakās un Slupskas vagā zem haloklīna. Nārsta laikā var \r\nveidot koncentrācijas pelagiālā. Ikru peldspējas uzturēšanai un izdzīvošanai nepiecie-šama ūdens temperatūra 4-6°C, sāļums ne mazāks par 11ä, skābekļa saturs ne \r\nmazāks kā 2,0 ml/l. Auglība 0,2-2,4 milj. ikru. Ikrus nērš vairākās porcijās. Ikri un kāpuri pelaģiski. Pēc izšķilšanās kāpuri migrē uz ūdens virsējiem slāņiem.', 'Baltijas menca ir viena no piecām mencas Gadus morhua pasugām, kas pielāgojusies dzīvei mazsāļajos Baltijas ūdeņos. Sastopama visā Baltijas jūrā. Gados, kad krājums \r\nliels, masveidā var ienākt jūras līčos - Rīgas, Somu un Botnijas - un jūras ziemeļdaļā. Gados, kad krājums mazs, galvenokārt izplatīta jūras dienviddaļā.', 18, NULL, NULL, NULL),
(54, 'Lota lota', 'Vēdzele', 'Ķermenis šķērsgriezumā ieapaļš. Galva no augšas saplacināta. Mute ar sīkiem zobiem, vērsta uz priekšu. Pie apakšžokļa\r\nviens garš tausteklis, pie nāsīm pa vienam īsam. Ķermenis klāts sīkām zvīņām, izskatās kails. Mugura, sāni un spuras zaļgan-dzeltenīgi, ar brūniem vai melniem \r\nplankumiem.', 'Saldūdens zivs. Uzturas pa vienai. Nārsta laikā koncentrējas baros. Parasti uzturas slēptuvēs. Aktīvāka tumsā. Novērota līdz 400 km tāla migrācija,\r\npārvietošanās ātrums 6 km diennaktī. Pamatbarība: bentoss, zivis un vardes. Sasniedz 30 gadu, Latvijā 7 gadu vecumu.', '0.57', '1.500', 'Dzimumgatavība iestājas 1-8 gadu \r\nvecumā, sasniedzot 14-55 cm, Latvijā 14 cm un lielāku garumu (l). Auglība no 8 tūkst. līdz 5 milj. ikru. Nārsto novembrī-aprīlī, Latvijā janvārī-martā (ūdens t°\r\n0-10°C) no 5 cm līdz 50 m dziļumā. Raksturīgs vienlaicīgs vai porciju nārsts, kas ilgst 15-50 dienas. Ar vienu mātīti parasti nārsto vairāki tēviņi. Ikri bentiski\r\nvai pelaģiski, neilgu laiku pēc iznēršanas nedaudz lipīgi, to attīstība ilgst 7-128 dienas (50-200 grāddienas).', 'Eiropa, Āzija un Ziemeļ- amerika. Latvijā sastopama\r\nvairākumā upju un daudzos ezeros, kā arī jūras piekrastē, īpaši upju grīvu rajonos. Nelielos, stipri aizaugušos, īpaši slēgtos ezeros parasti nav sastopama. \r\nEzeriem aizaugot, strauji samazinās un izzūd vēdzeļu populācijas, jo to ikru attīstība notiek ziemā uz grunts, kur, sadaloties augu atliekām, rodas skābekļa\r\ntrūkums un ikri iet bojā.', 18, NULL, NULL, NULL),
(55, 'Melanogrammus aeglefinus', 'Pikša', 'Vārpstveida ķermenis, galva maza, acis samērā lielas. Augšžoklis ievērojami garāks par apakšžokli, \r\nuz kura atrodas ļoti īss tausteklis. Pirmā muguras spura augsta, trīsstūrveida. Sānu līnija tumša. Mugura tumša, zaļganbrūna, sāni gaišāki, vēders balts. Starp \r\nkrūšu spuras pamatni un sānu līniju melns apaļš plankums.', 'Bentiska jūras zivs, sastopama līdz 200 m dziļumā. Barojas ar bentiskajiem organismiem - vēžveidīgajiem,\r\nadatādaiņiem, gliemjiem, tārpiem, sīkām zivīm, mazuļi - ar airkājvēžiem. Barošanās migrācijas nelielas - sākot ar 3.- 4. dzīves gadu vasarā krasta virzienā, rudenī \r\n- jūras virzienā.', '0.76', '4.500', 'Dzimumgatavību sasniedz 5.-6. gadā, sasniedzot 47 cm garumu. Nārsta migrācijas tālas. Nārsto no februāra līdz jūnijam, galvenokārt \r\nmartā-aprīlī 100-150 m dziļumā pie ūdens temperatūras 6-10°C un sāļuma 35ä. Auglība 0,1-1,8 milj. ikru. Ikri un kāpuri pelaģiski, pēdējie slēpjas zem medūzām. Mazuļi\r\nuz bentisku dzīvesveidu pāriet pirmajā gadā, sasniedzot 15 cm garumu.', 'Ziemeļatlantija, Eiropas piekrastē no Portugāles līdz Islandei, Špicbergenai un Novaja \r\nZemļai, arī Ska-gerakā un Kategatā. Baltijas jūras rietumdaļā samērā reta, austrumdaļā - ļoti reta ieceļotāja. Ir ziņas, ka Latvijas piekrastē noķerta 1951. \r\ngadā.', 18, NULL, NULL, NULL),
(56, 'Dicentrarchus labrax', 'Jūrasasaris', NULL, NULL, NULL, NULL, NULL, NULL, 19, NULL, NULL, NULL),
(57, 'Morone saxatilis', 'Svītrainais asaris', 'Ķermenis samērā augsts, no sāniem saplacināts. Mute ar zobiem, vērsta uz priekšu. Mugura un sānu\r\naugšdaļa tumši zaļa vai zila, sānu apakšdaļa un vēders sudrabains. Gar sāniem 7-8 tumšas gareniskas svītras.', 'Anadroma zivs. Dzīvo jūrā, nārsto upēs vai ezeros. \r\nPastāv arī saldūdens populācijas. Pamatbarība: bentoss un zivis. Sasniedz 12 gadu vecumu.', '1.80', '56.700', 'Dzimumgatavība iestājas 2-5 gadu vecumā. Auglība no 11 \r\ntūkst. līdz 10 milj. ikru. Nārsto februārī-jūlijā (ūdens t° 12-23°C). Raksturīgs vienlaicīgs nārsts. Ikri pelaģiski, to attīstība ilgst 2-8 dienas (40-50 \r\ngrāddienas).', 'Ziemeļamerika. Latvijā ievests pēc 1964. gada. 1972. gadā ielaists Odzes ezerā. Populāciju izveidošanās Latvijā nav zināma.', 19, NULL, NULL, NULL),
(58, 'Gymnocephalus cernua ', 'Ķīsis', 'Ķermenis šķērsgriezumā ieapaļš. Mute ar sīkiem zobiem, vērsta uz priekšu vai nedaudz uz leju. Žaunu vāki\r\nar dzeloņiem. Mugura zaļganpelēka vai zaļganbrūna, sāni zaļganbrūni vai pelēcīgi, vēders dzeltenīgs vai balts. Ķermeņa augšdaļa, muguras spura un astes spura ar\r\nnelieliem tumšiem plankumiem.', 'Saldūdens zivs. Uzturas baros. Novērota līdz 180 km tāla migrācija. Pamatbarība - bentoss. Sasniedz 20 gadu, Latvijā 9 gadu vecumu.', '0.18', '0.120', 'Dzimumgatavība iestājas 1-5 gadu vecumā, sasniedzot 3-12 cm, Latvijā 6-7 cm garumu (l). Auglība 0,4-200 tūkst. ikru. Nārsto martā-jūlijā, Latvijā \r\nmaijā-jūlijā (ūdens t° 3-23°C) no 20 cm līdz 16 m dziļumā. Raksturīgs porciju, retāk vienlaicīgs, nārsts 2-4 piegājienos ar 5-35 dienu starplaiku. Kopējais nārsta \r\nilgums 25-74 dienas. Ikri pielīp pie augiem, akmeņiem un cita substrāta, to attīstība ilgst 5-18 dienas (80-90 grāddienas).', 'Eiropa un Āzija. Latvijas saldūdeņos \r\nviena no izplatītākajām zivju sugām. Sastopams daudzās upēs un ezeros, kā arī jūras piekrastē, īpaši upju grīvu tuvumā. Nelielos stipri aizaugušos, īpaši slēgtos\r\nezeros parasti nav sastopams.', 20, NULL, 12, NULL),
(59, 'Perca fluviatilis', 'Asaris', 'Ķermenis samērā augsts, no sāniem saplacināts. Mute ar sīkiem zobiem, vērsta uz priekšu. Mugura zaļganbrūna,\r\nsāni zaļgandzelteni, vēders dzeltenīgs vai balts. Uz sāniem 5-9 tumšas šķērssvītras. Pirmās muguras spuras galā melns plankums. Vēdera spuras, anālā spura un astes\r\nspura sarkana vai oranža.', 'Saldūdens zivs. Uzturas baros. Lielākas koncentrācijas veido nārsta laikā. Novērota 25 km tāla migrācija. Pamatbarība: bentoss un zivis.\r\nSasniedz lielus izmērus arī nelielās ūdenstilpēs, ja vien tajās pietiekamā daudzumā sastopamas sīkas zivis - auslejas, vīķes un raudas. Sasniedz 26 gadu, Latvijā \r\n15 gadu vecumu.', '0.42', '1.400', 'Dzimumgatavība iestājas 1-7 gadu vecumā, sasniedzot 5-22 cm, Latvijā 6-18 cm garumu (l). Auglība 1-900 tūkst. ikru. Nārsto \r\nfebruārī-jūlijā, Latvijā aprīlī-jūnijā (ūdens t° 3-20°C) no 20 cm līdz 15 m dziļumā. Ziņu par nārstu jūras piekrastē nav. Raksturīgs vienlaicīgs nārsts, kas ilgst \r\n3-31 dienu. Parasti ar vienu mātīti nārsto vairāki tēviņi. Ikri pielīp pie augiem, krūmiem un cita substrāta, to attīstība ilgst 4-24 dienas (80-164 grāddienas).', 'Eiropa un Āzija. Latvijā saldūdeņos viena no visizplatītākajām zivju sugām. Sastopams daudzās upēs un ezeros, kā arī jūras piekrastē,\r\nīpaši upju grīvu tuvumā. Nelielos stipri aizaugušos slēgtos ezeros parasti nav sastopams. No 1969. līdz 1988. gadam ielaists 55 (7%) ezeros.', 20, NULL, 11, NULL),
(60, 'Stizostedion lucioperca', 'Zandarts', 'Ķermenis slaids, no sāniem nedaudz saplacināts. Mute ar lieliem zobiem, vērsta uz priekšu. Mugura \r\nzilganzaļa vai zilganpelēka, sāni un vēders tumši sudrabains. Uz sāniem 8-14 tumšas šķērssvītras. Krūšu spuras, vēdera spuras un anālā spura dzeltenīga. Astes spuras \r\nun abas muguras spuras ar tumšiem plankumiem.', 'Saldūdens vai anadroma zivs. Mazuļi uzturas baros, pieaugušie īpatņi - pārsvarā pa vienam. Novērota līdz 300 km \r\ntāla migrācija, pārvietošanās ātrums sasniedz 24 km diennaktī. Pamatbarība - zivis. Sasniedz 24 (40) gadu, Latvijā 13 gadu vecumu.', '1.00', '10.300', 'Dzimumgatavība \r\niestājas 2-10 gadu vecumā, sasniedzot 17-57 cm garumu (l). Auglība no 5 tūkst. līdz 2,5 milj. ikru. Nārsto martā-jūlijā, Latvijā ­ maijā (ūdens t° 8-26°C), \r\n15 cm līdz 32 m dziļumā. Latvijas jūras piekrastes zandarts uz nārstu ienāk piejūras saldūdeņos. Zandarta nārsts jūrā novērots Rīgas līča ziemeļdaļā. Raksturīgs\r\nvienlaicīgs nārsts, kas ilgst 3-43 dienas. Nārsto pa pāriem attīrītos laukumos - \"ligzdās\". Ikri pielīp pie substrāta, to attīstība ilgst 2-32 dienas (45-140 \r\ngrāddienas). Tēviņš apsargā ikrus.', 'Eiropa un Āzija. Sastopams Baltijas jūras piekrastē un līčos, kā arī ar tiem saistītajos saldūdeņos. No 1904. līdz 1996. \r\ngadam ielaists vai mākslīgi pavairots vairāk nekā 94 (12%) ezeros, kā arī Rīgas, Ķeguma, Pļaviņu un citās ūdenskrātuvēs un dzirnavezeros, kā arī Rīgas līča \r\ndienviddaļā. Vairākos ezeros izveidojušās populācijas. Mēdz migrēt no vienas ūdenstilpes uz otru, tāpēc sastopams arī tajās, kur nav ielaists.', 20, NULL, 13, NULL),
(61, 'Ammodytes tobianus', 'Tūbīte', 'Neliela slaida, cilindriska zivs. Apakšžoklis garāks par augšžokli. Atverot muti, augšžoklis izvirzās \r\nuz priekšu, veidojot cauruļveida mutes atveri. Spuras bez asiem dzeloņiem. Muguras spura un anālā spura garas, astes spura šķelta, vēdera spuras nav. Sānu līnija\r\natrodas tuvu mugurai. Zvīņas sīkas, cikloīdas, novietotas slīpās rindās uz slīpām ādas krokām. Gar vēderu divas ādas krokas. Uz lemeškaula zobu nav. Peldpūšļa nav.\r\nMugura pelēcīgi zaļgana, sāni dzeltenīgi, vēders balts.', 'Jūras piekrastes zivs, sastopama līdz 20 m dziļumam uz smilšainām gruntīm. Aktīva naktī, dienā - ierakusies\r\nsmiltīs. Veido barus. Planktonofāga, galvenokārt barojas ar vēžveidīgajiem, retāk ar zivju mazuļiem. Var sasniegt 4 gadu vecumu.', '0.15', NULL, 'Ziemeļaustrumatlantijā \r\nizdalapavasarī (februārī-aprīlī) un rudenī (septembrī-novembrī) nārstojošās rases, kuras lokāli dominē areāla dažādās daļās. Taču Baltijas jūrā nārsts noris \r\ngalve-nokārt jūnijā-augustā. Auglība līdz 21 tūkst. ikru. Ikri ovāli, tiek nērsti nelielām pikām uz smiltīm. Kāpuri pelaģiski.', 'Ziemeļaustrumatlantija no \r\nSpānijas līdz Murmanskai. Baltijas jūrā gandrīz visā piekrastē (izņemot Somu līča austrumdaļu). Atklātas jūras pie- krastē masveidīga, līčos - mazākā skaitā.', 21, NULL, NULL, NULL),
(62, 'Hyperoplus lanceolatus', 'Nigliņš', 'Neliela slaida zivs. Līdzīga tūbītei. Apakšžoklis garāks par augšžokli. Spuras bez asiem dzeloņiem.\r\nMuguras spura un anālā spura garas, astes spura šķelta, vēdera spuru nav. Zvīņas sīkas, zem sānu līnijas novietotas uz slīpām ādas krokām. Gar vēderu līdz astes\r\nspuras trešdaļai stiepjas divas ādas krokas. Uz lemeškaula divi samērā lieli zobi. Mugura un galvas augšdaļa koši zaļgana, vēders un sāni sudrabaini. Pie katras\r\nnāss tumšs plankums.', 'Jūras piekrastes zivs, sastopamas līdz 60 m dziļumam. Dzīvo uz smilšainām gruntīm, dienā ieracies smiltīs, aktīvs naktī. Uzturas kopā ar \r\ntūbītēm, bet ievērojami mazākā skaitā. Planktonofāgs, galvenā barība zooplanktons, bet lielākiem par 10-15 cm barībā dominē reņģu un tūbīšu mazuļi.', '0.34', '0.041', 'Nārsto no maija līdz augustam. Auglība 10-37 tūkst. ikru. Ikri bentiski, tiek nērsti nelielām pikām uz smiltīm.', 'Ziemeļaustrumatlantijā no Portugāles līdz \r\nMurmanskai un Špicbergenai, Baltijas jūrā līdz Botnijas līča vi- dus daļai un Somu līcī līdz Helsinkiem. Rīgas līcī, īpaši tā dienviddaļā, ļoti rets. Atklātās \r\njūras piekrastē bieži, taču ievērojami mazākā daudzumā nekā tūbīte.', 21, NULL, NULL, NULL),
(63, 'Sarda sarda', 'pelamida', 'Vidēja izmēra zivs ar vārpstveida ķermeni, konisku galvu un tievu astes stumbru. Mute liela. Augšžoklis sasniedz \r\nvai nedaudz pārsniedz acs ārējo malu. Muguras spuras satuvinātas. Pirmā muguras spura gara, aiz otrās muguras spuras 7-9, bet aiz anālās 6-8 papildspuras. Uz astes \r\nstumbra labi attīstīts sānu ķīlis starp 2 mazākiem ķīļiem. Sānu līnija viļņaina. Mugura un sānu augšpuse metāliski zila ar 5-11 tumšām, slīpām svītrām, sānu apakšpuse\r\nsudrabaini dzeltena.', 'Pelaģiska jūras zivs, galvenokārt uzturas baros jūras virsējos slāņos, arī piekrastē. Laba peldētāja, veic garas barošanās migrācijas. \r\nPlēsēja, barojas ar zivīm.', '0.91', '7.000', 'Nārsto no maija līdz jūnijam, galvenokārt Dienvideiropas, arī Vidusjūras ūdeņos.', 'Sastopama Atlantijas okeāna mērenajos un \r\ntropiskajos ūdeņos. Ziemeļeiropā pie Skandināvijas atceļo samērā regulāri barošanās periodā Dāņu šaurumos parasti ienāk jūnijā-septembrī, kad ūdens temperatūra ir \r\nvirs 14°C. Baltijas jūras austrumdaļā noķerta vienreiz - 1938. gadā pie Kustavistas (Somija).', 22, NULL, NULL, NULL),
(64, 'Scomber scomber', 'makrele', 'Ķermenis vārpstveida, iegarens, vienmērīgi sašaurinās astes virzienā līdz šauram astes stumbram. Galva koniska\r\nar smailu purnu. Acs priekšu un aizmuguri sedz taukplaksts. Mute liela. Pirmā muguras spura atrodas seklā rievā, tā ir īsa, veidota no tieviem, asiem stariem un \r\natdalīta no otrās ar lielu atstarpi. Aiz muguras spurām ir 5(6), bet aiz anālās spuras 4(5) papildspuras. Astes spurai katrā pusē divi nelieli sānu ķīļi. Peldpūšļa \r\nnav. Mugura tumša - zilganzaļa ar daudzām melnām izlocītām šķērsjoslām. Sāni sudrabaini ar zeltaini sārtu perlamutra mirdzumu, vēders balts.', 'Jūras pelaģiska zivs,\r\nveido lielus barus, sastopama līdz 200-250 m dziļumam. Ziemo dziļumā kontinentālās nogāzes rajonā. Pavasarī un agrā vasarā migrē uz kontinentālā šelfa seklajiem \r\nūdeņiem, kur nārsto. Pēc nārsta, sekojot barībai, veic tālas migrācijas. Barojas ar pelaģiskajiem vēžveidīgajiem, siļķveidīgo zivju mazuļiem, krabju kāpuriem.', '0.41', '0.600', 'Dzimumgatavību sasniedz 3.-4. gadā. Nārsto pavasarī un vasaras sākumā. Auglība 350-450 tūkst. ikru. Ikri un kāpuri pelaģiski.', 'Ziemeļatlantija. \r\nZiemeļeiropā ir divas populācijas: rietumu un austrumu, pēdējā no tām ziemo Ziemeļjūras ziemeļdaļā un Skagerakā, bet nārsto Ziemeļjūras centrālajā daļā. Baltijas \r\njūrā reta ieceļotāja. Vairākkārt konstatēta arī Somu un Rīgas līčos. Pēc sešdesmitajiem gadiem jūras austrumdaļā ļoti reta, iespējams, ka tas saistīts ar Ziemeļjūras\r\naustrumu populācijas skaita krasu samazināšanos 60. gadu otrajā pusē.', 22, NULL, NULL, NULL),
(65, 'Xiphias gladius', 'Zobenzivs', 'Spēcīgs torpēdveida ķermenis. Ķermeņa priekšdaļa ievērojami augstāka un masīvāka par pārējo daļu. Augšžoklis\r\nstipri pagarināts, zobenveida. Zobens saplacināts dorsoventrāli. Mute liela. Zobu pieaugušai zivij nav. Vēdera spuras nav. Astes spura ar dziļu šķēlumu, uz tās \r\nstumbra sānos horizontāls ķīlis. Ir morfoloģiskas atšķirības starp pieaugušām un jaunām zivīm. Jaunajām ir viena gara muguras spura, anālā spura nedalīta, ķermenis \r\nklāts ar īpašām zvīņveida struktūrām, pieaugušām savukārt ir 2 muguras spuras, pirmā īsa, atrodas uzreiz aiz galvas, otrā ļoti maza uz astes stumbra, anālā spura \r\nsadalīta divās daļās, ķermenis kails. Mugura pelēki zilgana, dažreiz ar metālisku nokrāsu, sāni gaišāki, vēders gandrīz balts. Zobena augšpuse vienmēr melna, sāni\r\ngaišāki. Spuras tumši pelēkas.', 'Pelaģiska zivs, satopama līdz 800 m dziļumā. Barus neveido, taču barošanās laikā var koncentrēties vienā vietā ievērojamā skaitā.\r\nLaba peldētāja, spēj attīstīt 130 km/h lielu ātrumu. Agresīva zivs, sekojot zivju bariem, veic lielus attālumus. Vasarā migrē vairāk uz ziemeļu platuma grādiem. \r\nMigrāciju laikā izvairās no ūdeņiem, kur temperatūra zemāka par 12-13°C. Plēsēja, galvenokārt barojas ar siļķēm, makrelēm, stavridām un kalmāriem.', '4.90', '535.000', 'Dzimumgatavību sasniedz 5.-6. gadā, 140-170 cm garumā. Austrumatlantijā nārsto no janvāra līdz oktobrim ūdens temperatūrā, kas augstāka par 23,5°C un sāļumā \r\n33,8-37,4ä. Nārsts parasti noris ūdens virsējos slāņos - 0-75 (120) m dziļumā.', 'Visu okeānu mērenie un tropiskie ūdeņi. Ziemeļeiropas piekrastē reta. Baltijas\r\njūrā ļoti reta ieceļotāja. Parasti ieceļo augustā-novembrī. Latvijas piekrastē līdz 2. Pasaules karam zināmi 9 noķeršanas gadījumi. Pēckara periodā Latvijas \r\npiekrastē konstatēta divas reizes: 1952. gadā un 1993. gadā (uz dienvidiem no Ventspils). Polijas piekrastē ir zināmi noķeršanas gadījumi 1964., 1965. un 1993. \r\ngadā.', 23, NULL, NULL, NULL),
(66, 'Gobius niger', 'Melnais jūrasgrundulis', 'Ķermenis iegarens, drukns, no sāniem nedaudz saplacināts. Acis izvirzītas uz āru. Lūpas biezas. \r\nPauris, pakausis, mugura, rīkle un krūšu spuras pamatne klāti ar cikloīdām zvīņām, ķermeņa sāni - ar ktenoīdām zvīņām. Žaunu vāki kaili. Astes stumbrs resns. Divas\r\nmuguras spuras un viena anālā spura. Astes spura noapaļota. Vēdera spuras savienotas un veido piltuvveida piesūcekni. Krūšu spuras lielas, to augšējie stari īsi \r\nun brīvi. Izteikts dzimumu dimorfisms - tēviņiem augstākas nepāra spuras, īsāka pirmās muguras spuras pamatne un mazāks ķermeņa augstums. Ķermenis brūns vai melni \r\nbrūns ar saplūstošiem tumšiem plankumiem sānos, vēders dzeltenīgs. Nārsta laikā tēviņi kļūst gandrīz ogļmelni.', 'Jūras piekrastes zivs. Sastopama līdz 50-75 m \r\ndziļumā gan uz smilšainām, gan uz dūņainām gruntīm. Tālas migrācijas neveic. Siltummīloša. Barojas galvenokārt ar bentiskajiem vēžveidīgajiem, gliemenēm, tārpiem. \r\nVar sasniegt 4 gadu vecumu.', '0.10', NULL, 'Dzimumgatavību sasniedz otrajā gadā. Nārsto no maija līdz augustam ūdens temperatūrā, kas augstāka par 12°C. Auglība līdz \r\n25,5 tūkst. ikru. Ikri bentiski, tiek nērsti porcijās zem tukšām molusku čaulām vai akmeņu \"ligzdās\". Nārsts noris 0,8-8 m dziļumā. Mazuļi vasarā līdz augustam, \r\nseptembrim uzturas piekrastē, līdz 3 m dziļumā.', 'Ziemeļaustrumatlantijas piekraste no Norvēģu un Baltijas jūrām līdz Mauritānijai (pasuga niger), Vidusjūrā un \r\nMelnajā jūrā (pasuga jozo). Baltijas jūras austrumdaļā ļoti reta, sastopama līdz Helsinkiem un Botnijas līcim, Latvijas piekrastē konstatēts dažas reizes.', 24, NULL, NULL, 3),
(67, 'Gobiusculus flavescens', 'Divplankumu jūrasgrundulis', 'Ķermenis slaids, cigārveidīgs. Acis laterālas. Lūpas biezas. Divas muguras spuras.\r\nVēdera spuras saaugušas, veidojot piesūcekni. Astes stumbrs slaids, spura noapaļota. Zvīņas ktenoīdas. Ķermenis sarkanīgi brūns, ar tīklveida zīmējumu. Pie astes \r\nspuras tumšs plankums ar baltu apmali. Tēviņiem zem pirmās muguras spuras atrodas vēl otrs tumšs plankums. Uz sāniem gar viduslīniju gaiši zilu punktu rinda.', 'Puspelaģiska jūras zivs. Uzturas piekrastē līdz 15 m dziļumam, galvenokārt brūnaļģu un zaļaļģu Zostera audzēs. Planktonofāgs, pamatbarība pelaģiskie vēžveidīgie\r\n(airkājvēži), moluski un vēžveidīgo kāpuri. Dzīvo 1-2 gadus.', '0.06', NULL, 'Dzimumgatavību sasniedz pirmajā gadā 3-4,5 cm garumā. Nārsto vasaras sākumā. Ikrus nērš uz\r\nūdensaugiem vai zem tukšām gliemeņu čaulām. Tos apsargā un par pēcnācējiem rūpējas tēviņš.', 'Austrumatlantijā no Spānijas līdz Vestfjordam (Norvēģija). Baltijas \r\njūrā līdz Botnijas līcim un Somu līča vidusdaļai. Retākā jūrasgrunduļu suga Baltijas jūrā. Latvijas piekrastē ļoti rets, konstatēts vienu reizi 1989. gadā Irbes \r\nšaurumā.', 24, NULL, NULL, 3);
INSERT INTO `species` (`id`, `name_latin`, `name_latvian`, `description`, `biology`, `size`, `weight`, `reproduction`, `prevalence`, `family_id`, `subfamily_id`, `genus_id`, `lsg_id`) VALUES
(68, 'Neogobius melanostomus Pallas', 'Apaļais jūrasgrundulis', 'Ķermenis ieapaļi iegarens ar samērā lielu galvu un uz āru izvirzītām acīm. \r\nLūpas biezas. Spurās nav asu, dzeloņveida staru. Pirmā muguras spura manāmi īsāka un šaurāka nekā otrā, tikai mazliet augstāka, ar tumšu plankumu. Ķermeņa krāsojums \r\nraibs, pamattonis dzeltenīgi pelēks, ar dažāda lieluma un formas svītrveida un ieapaļiem plankumiem dažādās krāsās: pelēki, melni, olīvzaļi un brūni. Tēviņi ir \r\nlielāki nekā mātītes, nārsta laikā tēviņi kļūst tumši, gandrīz melni ar baltu vai zili-baltu astes spuras malu. Mazuļi līdz 1 gada vecumam –parasti pelēki. Apaļā \r\njūrasgrunduļa tēviņi un mātītes atšķiras arī ar uroģenitālajām kārpiņām (papillām). Tēviņiem tā ir samērā gara, no baltas līdz pelēkai, savukārt mātītēm – īsas, \r\nstrupas un brūnas.', 'Bentiska jūras, iesāļūdeņu vai saldūdens zivs. Baltijas jūrā sastopama līdz no 1,5 līdz 50 m dziļumam. Ziemas periodā uzturas lielākos \r\ndziļumos. Barība ļoti dažāda - visēdājs: galvenokārt grunts gliemenes, citi bezmugurkaulnieki - tārpi, zivju ikri. Lielākās zivis barojas arī ar citu zivju sugu \r\nmazuļiem. Ir barības konkurents citu zivju sugām to aklimatizēšanās rajonos. Var ietekmēt gliemeņu populāciju, tādējādi samazinot vairošanās areālu citām \r\njūrasgrunduļu sugām. Dzīvo 4 gadus.', '0.25', '0.250', 'Nārsta periods samērā ilgstošs: no aprīļa līdz septembrim. Ikri tiek piestiprināti pie substrāta, augiem, \r\nakmeņiem un citiem priekšmetiem ūdenī. Tēviņi apsargā iznērstos ikrus. Dzimumgatavību mātītes sasniedz 2 gados, tēviņi - 3-4 gados. Tēviņi pēc nārsta it bojā.', 'Sugas dabīgais areāls ietver Kaspijas, Melnās, Marmora jūru baseinus. Tiek uzskatīta par XX-XXI gadsimtu mijas vienu no sekmīgākajām invazīvajām zivju sugām \r\nZ-Amerikā (Lielajos ezeros) un daudzviet Eiropā. Baltijas jūrā ienākusi no Melnās vai Kaspijas jūras, domājams ar kuģu balasta ūdeņiem. Pirmo reizi tā konstatēta \r\nGdaņskas līcī Polijas piekrastē 1992.gadā, bet Latvijā pirmo reizi noķerta pie Liepājas 2004.gadā. Jau 2005.gadā apaļais jūrasgrundulis parādījās Latvijas piekrastē\r\nRīgas līcī, kaut arī pirmais noķeršanas gadījums Pērnavas līci ir datēts ar 2002.gadu. Pašlaik tas sastopams gar visu Latvijas piekrasti. Baltijas jūras rietumu \r\npiekrastē vēl samērā reti, tomēr tā sastopamības biežums palielinās. Tā kā suga sastopama arī saldūdeņos, tuvākajā nākotnē nav izslēgta apaļā jūrasgrunduļa \r\nparādīšanās arī Latvijas saldūdeņos lielo upju lejtecēs.', 24, NULL, NULL, NULL),
(69, 'Lumpenus lampretaeformis', 'Lentzivs', 'Ķermenis zems un garš, zušveida. Tā garums ap 15 reižu pārsniedz augstumu. Galva vienmērīgi \r\nnoapaļota mutes virzienā, mute maza, zobi sīki, koniski. Augšžoklis nedaudz garāks par apakšžokli. Augšlūpa biezāka, apakšlūpa centrā šķelta, vaigi zvīņoti.\r\nŽaunu atveres lielas. Muguras un astes spuras garas. Muguras spuras priekšējie stari īsāki, pirmie divi no tiem brīvi, nesaistīti ar starpplēvi. Astes spura \r\nnodalīta, ovāla. Krūšu spura liela. Vēdera spura reducēta, to veido 1 dzelonis un 3 stari. Sānu līnija arī reducēta. ķermenis gaišs, brūngani dzeltens, vietām \r\nar zilu perlamutra atspulgu. Uz sāniem daudz brūnu plankumu, no tiem 8-10 lielāki. Vēders - zaļgani dzeltens.', 'Bentiska jūras zivs, dzīvo uz dūņainām gruntīm \r\n30-200 m (parasti 40-100 m) dziļumā. Aukstummīloša, labprātāk uzturas pie zemām ūdens temperatūrām (-1,2 - +2,0°C). Bentofāga, barojas ar sīkiem vēžveidīgajiem, \r\ngliemjiem, daudzsartārpiem.', '0.26', NULL, 'Nārsto decembrī-janvārī. Auglība 600-1000 ikru, tie ir bentiski, lipīgi. Embrionālā attīstība ilgst vienu mēnesi. Kāpuri \r\npelaģiski, planktonā sastopami no februāra līdz aprīlim-maijam. 3-4 cm gari mazuļi pāriet uz bentisku dzīvi', 'Ziemeļaustrumatlantija. Baltijas jūra ir lentzivs \r\nareāla nomale, tāpēc tā šeit sastopama ļoti reti. Izplatīta līdz Botnijas līča vidusdaļai un Somu līcī līdz Narvai. Latvijas piekrastē konstatēta dažas reizes, \r\nvienreiz (1928) arī Rīgas līcī pie Lielupes grīvas. Lentzivs sastopamība palielinās jūras dienvidrietumu virzienā. Polijas piekrastē tiek noķerta samērā regulāri.', 24, NULL, NULL, 3),
(70, 'Pholis gunnellus', 'Taukzivs', 'Ķermenis no sāniem saplacināts, gļotains, galva maza, mute ieslīpi vērsta uz augšu, lūpas biezas, \r\ngaļīgas. Zobi sīki, koniski, 1-2 rindās uz žokļiem. Muguras spurā daudz īsu dzeloņainu staru, anālās spuras sākumā 2 dzeloņi. Vēdera spuras rudimentāras, tās\r\nveido viens dzelonis un viens stars. Astes spura noapaļota. Sānu līnijas nav. Ķermenis dzeltenīgi brūns ar marmorveida zīmējumu. Gar muguras spuras pamatni\r\n9-15 (parasti 12) acainu, melnu ar dzeltenu apmali, plankumu rinda. Vēdera, krūšu spuras un astes spuras malas dzeltenīgi oranžas.', 'Jūras zivs, sastopama\r\npiekrastē no paisuma-bēguma joslas līdz 60 metru dziļumam. Baltijas jūrā līdz 20 m dziļumā, lielākoties uz akmeņainām gruntīm starp brūnaļģēm. Pielāgošanās \r\ndzīvei litorāla zonā saistīta ar pāra spuru redukciju un čūskveida kustībām pārvie-tojoties. Bēguma laikā bieži paliek piekrastē. Bentofāga, barojas ar sīkiem\r\nvēžveidīgajiem, daudzsartārpiem, sīkiem moluskiem un to kāpuriem, zivju ikriem.', '0.17', '0.015', 'Nārsto no novembra līdz februārim, auglība 80-150 ikru. Tos \r\nnērš nelielu, diametrā līdz 1-2 cm kamolu veidā plaisās starp akmeņiem vai divvāku gliemju tukšajās čaulās. Ikrus apsargā viens vai abi vecāki. Kāpuri pelaģiski,\r\n33-35 mm gari mazuļi pāriet uz bentisku dzīvi.', 'Ziemeļatlantija. Eiropas piekrastē no Kaņina pussalas līdz Francijai, arī Karas, Baltajā, Barenca, Baltijas un \r\nZiemeļjūrā. Baltijas jūrā līdz Norrakvarkenam Botnijas līcī, līdz Helsinkiem Somu līcī un līdz Mērsragam Rīgas līcī. Ļoti reta.', 25, NULL, NULL, 3),
(71, 'Zoarces viviparus', 'lucītis', 'Ķermenis slaids, priekšgalā paresnināts un vienmērīgi saplacināts astes virzienā. Galva samērā liela ar \r\nplašām žaunu atverēm, kas sniedzas līdz krūšu spuru pamatnei. Augšžoklis nedaudz izvirzīts uz priekšu, lūpas biezas. Uz žokļiem nelieli koniski zobi, uz aukslējām\r\nun lemeškaula zobu nav. Muguras spura gara, tās aizmugurējā daļā pie astes rinda īsāku dzeloņveida staru. Anālā spura gara. Muguras spura un anālā spura saplūdušas\r\nar astes spuru. Krūšu spura liela. Āda gļotaina. Zvīņas sīkas, cikloīdas, iegremdētas ādā. Krāsa mainīga, atkarīga no vides. Mugura parasti no smilšu brūnas līdz \r\ntumši brūnai ar vienu vai vairākām tumšu plankumu sērijām ķermeņa sānos un uz muguras spuras. Vēders iedzeltens. Krūšu spuru malas dzeltenīgas, dažreiz arī oranžas.', 'Bentiska jūras zivs, uzturas piekrastē līdz 60 m dziļumā, dodot priekšroku akmeņainām un smilšainām vietām ar jūraszāļu audzēm. Barojas ar bentiskajiem\r\nvēžveidīgajiem, tārpiem, zivju mazuļiem, arī reņģu ikriem. Mazuļi barojas arī ar zooplanktonu. Var sasniegt 11 gadu vecumu.', '0.35', NULL, 'Dzimumgatavību sasniedz \r\notrajā dzīves gadā. Ir dzīvdzemdētāja. Pārošanās notiek jūlijā-augustā piekrastē aptuveni 20 m dziļumā. Ikri mātītes organismā attīstās 4-6 mēnešus. Mazuļi 30-53\r\nmm garumā dzimst janvārī-aprīlī, to skaits vienai mātītei 10-405, parasti - 30-170.', 'Sastopama Ziemeļeiropas jūrās. Baltijas jūrā - visā tās piekrastē.\r\nVismasveidīgākā ir tieši Rīgas līcī, kur lielākās koncentrācijas ir ziemeļu un austrumu daļā', 26, NULL, NULL, NULL),
(72, 'Chelon labrosus', 'Biezlūpu kefale', 'Ķermenis iegarens, nedaudz cilindrisks, klāts ar lielām viegli zūdošām cikloīdām zvīņām. Zvīņas ir \r\narī uz galvas. Galva plata, starp acīm nedaudz saplacināta no augšas. Mute maza, augšlūpa plata, tās platums lielāks par acs diametra pusi, un uz tās ir 1-3 \r\nragveida pauguriņu rindas. Acs kaktiņu, neskarot varavīksneni, nosedz taukplaksts. Muguras spuras atrodas tālu viena no otras. Pirmo no tām veido tikai 4 dzeloņaini \r\nstari. Astes spura ar šķēlumu. Mugura pelēkzila, sāni sudrabaini, vēders balts, uz ķermeņa sāniem 7-8 tumšas garenjoslas.', 'Pelaģiska jūras zivs, kas bieži satopama\r\npiekrastē, arī estuārijos un upju grīvās. Vasarā, sasilstot ūdenim, gar Eiropas piekrasti migrē uz ziemeļiem, rudenī savukārt atpakaļ - uz dienvidiem. Bentofāga, \r\ngalvenokārt barojas ar bentiskiem organismiem - aļģēm, nematodēm, airkājvēžiem, arī detrītu, lielākie eksemplāri arī ar moluskiem un vēžveidīgajiem.', '0.75', '4.500', 'Nārsto ziemā, domājams, ka atklātā jūrā. Ikri un kāpuri pelaģiski. Galvenās nārsta vietas atrodas Dienvideiropas jūrās.', 'Eiropas piekraste no Norvēģijas \r\ndienvidiem un Islandes līdz Azoru salām un Madeirai, arī visā Vidusjūrā un Melnajā jūrā.Visizplatītākā kefaļu suga Ziemeļeiropas jūru piekrastē. Baltijas jūrā \r\nļoti reta ieceļotāja. Ieceļo galvenokārt vasarā, kad ūdens ir sasilis. Rietumbaltijā un Zviedrijas dienvid-piekrastē konstatēta vairākkārt, bet Austrumbaltijā \r\nlīdz šim tikai vienreiz 1980. gadā Rīgas līcī pie Salacgrīvas. Somijā pie Pori 1958. gadā noķertās kefales piederība pie šīs sugas tiek apšaubīta.', 27, NULL, NULL, NULL),
(73, 'Liza ramada', 'Plānlūpu kefale', 'Ķermenis cilindrisks vai nedaudz ovāls, klāts ar lielām cikloīdām zvīņām. Galva plata, starp acīm ieapaļa.\r\nTaukplaksts rudimentārs, sedz tikai acs stūri. Augšlūpa plāna, tās augstums mazāks par acs diametra pusi. Zvīņojums uz galvas sniedzas līdz priekšējām nāsu atverēm. \r\nMuguras spuras divas, pirmajā 4 dzeloņaini stari. Astes spura ar dziļu izgriezumu. Mugura pelēkzila, sāni sudrabaini, vēders balts. Uz sāniem parasti tievas \r\ngarenjoslas, kas izteiktas vājāk nekā biezlūpu kefalei.', 'Jūras zivs, uzturas galvenokārt piekrastē. Eirihalīna, ieiet līčos un upju grīvās. Saldūdeņos visbiežāk\r\nsatopamā kefaļu suga. Veic sezonālas migrācijas - vasarā ziemeļu virzienā, rudenī - dienvidu. Bentofāgs, barojas ar detrītu, aļģēm, sīkiem bentiskajiem un \r\nplanktoniskajiem organismiem.', '0.60', '2.500', 'Nārsto oktobrī-decembrī atklātā jūrā. Auglība 3-7 milj. ikru, tos nērš pa daļām. Ikri un kāpuri pelaģiski. No Eiropas \r\nkefalēm nārsto vistālāk ziemeļos - Lielbritānijas dienviddaļā.', 'Eiropas piekrastē sastopama no Britu salām un Ziemeļjūras līdz Azoru salām. Baltijas jūrā reta \r\nieceļo- tāja. Latvijas piekrastē līdz šim nav konstatēta. Jūras ziemeļdaļā noķerta divreiz: 1923. gadā Somu līča Kimijoki upes grīvā un 1953. gadā Botnijas līča \r\nKalajoki upes grīvā.', 27, NULL, NULL, NULL),
(74, 'Perccottus glenii Dybowski', 'Rotans', 'Ķermeņa priekšējā daļa šķērsgriezumā ieapaļa, aizmugurējā no sāniem saplacināta. Galva no augšas \r\nsaplacināta. Mute ar zobiem, vērsta uz augšu. Mugura zaļganmelna, sāni un vēders zaļgandzeltens ar tumšiem plankumiem. Uz muguras spuras 3-4 tumšas svītras, anālā \r\nspura un astes spura ar tumšiem punktiem. Pirms nārsta tēviņiem ķermenis kļūst melns.', 'Saldūdens zivs. Uzturas baros. Līdzīgi karūsai, izturīgs pret skābekļa \r\ntrūkumu. Izdzīvo līdz dūņām izsalstošās ūdenstilpēs. Pamatbarība: bentoss, retāk zivju mazuļi. Sasniedz 10 gadu vecumu.', '0.25', '0.350', 'Dzimumgatavība iestājas 1-3\r\ngadu vecumā, sasniedzot 4-12 cm garumu (l). Auglība 0,2-20 tūkst. ikru. Nārsto maijā-augustā (ūdens t° 15-22°C). Raksturīgs porciju (līdz 3) nārsts, kas ilgst mēnesi\r\nun vairāk. Ikri pielīp pie peldošiem un zemūdens augiem un cita substrāta. Tēviņš tos apsargā.', 'Amūras baseins. Latvijā ieveduši un izplata akvāriju īpašnieki vai \r\nmakšķernieki. Parādījies kopš 1990.-tajiem gadiem. Latvijā noturīgas populācijas izveidojušās atsevišķās Daugavpils, Rēzeknes, Ludzas rajona ūdenstilpēs, sastopams \r\narī citviet, sasniedzot centrālos rajonus, Vidzemi un Kurzemi. Izplatību pie mums paplašinoša suga.', 28, NULL, NULL, NULL),
(75, 'Trachurus trachurus', 'Stavrida', 'Slaids, iegarens ķermenis ar lielu un samērā masīvu galvu. Zvīņas sīkas, cikloīdas. Acis lielas, klātas\r\nar taukplakstu. Ir divas muguras spuras, no kurām pirmajā ir tikai dzeloņainie stari, bet otrā ir gara un tajā ir tikai mīkstie zarotie stari. Anālā spura gara, \r\npirms tās 1-2 asi stari, kas saistīti ar membrānu un norobežoti no pārējās anālās spuras ar nelielu atstarpi. Astes spura šķelta, krūšu spura liela, ar smailu\r\nvirsotni. Sānu līnija ir izliekta virs krūšu spuras, klāta ar kaula zvīņām, kas ir lokanas ķermeņa priekšgalā, bet cietas un asas uz astes stumbra, veidojot \r\nzāģveida valni. Gar muguru no galvas līdz otrās muguras spuras 23.-31. staram ir papildu sānu līnija. Mugura pelēkzila ar zaļganu atspīdumu, sāni sudrabaini, \r\nvēders balts. Uz žaunu vāka kaula malas tumšs plankums.', 'Jūras zivs, kas veido lielus barus. Parasti uzturas pie grunts, virs smilšainām gruntīm līdz 100-200 m\r\ndziļumā. Reizēm arī pelagiālā ūdens virsējos slāņos kopā ar reņģu mazuļiem. Pamatbarība - pelaģiskie vēžveidīgie, zivju mazuļi.', '0.30', '1.600', 'Nārsto jūnijā-augustā.\r\nAuglība 17,5-116 tūkst. ikru, kurus nērš ūdens virsējos slāņos. Ikri pelaģiski, kāpuri pēc ikru izšķilšanās ir 2,5 mm gari un uzturas zem lielo medūzu kupoliem.', 'Sastopama Ziemeļaustrumatlantijā no Islandes līdz Āfrikai, arī Vidus- jūrā un Melnajā jūrā. Baltijas jūrā ļoti reta ieceļotāja. Ieceļo parasti rudeņos. Vairākkārt \r\nnoķerta arī Polijas piekrastē. Austrumbaltijā līdz šim nav reģistrēta, taču pastāv varbūtība, ka iemigrē arī Latvijas ūdeņos.', 29, NULL, NULL, NULL),
(76, 'Anarhichas lupus', 'Vilkzivs', 'Masīva zivs ar iegarenu ķermeni, lielu galvu un noapaļotu purnu. Raksturīgi lieli priekšējie zobi, aiz \r\nkuriem seko spēcīgi sasmalcinātājzobi. Ir zobi arī uz lemeškaula un aukslējām. Muguras spura gara, sākas uzreiz aiz galvas. Krūšu spuras lielas un ieapaļas. \r\nVēdera spuras nav. Astes spura noapaļota. Zvīņas nelielas, viena otru nosedzošas un iegrimušas ādā. Ķermenis brūngans vai zilgani pelēks, sānos 9-12 tumšākas \r\nšķērsjoslas, kas sniedzas arī muguras spurā.', 'Bentiska jūras zivs. Uzturas uz akmeņainām gruntīm no 20-30 līdz 500 m dziļumā. Migrācijas nelielas, pavasarī krasta\r\nvirzienā, kur intensīvi barojas, rudenī pretējā. Bentofāgs, galvenokārt barojas ar bentiskajiem organismiem: krabjiem, jūrasežiem, vēderkāju gliemjiem, \r\njūraszirdziņiem.', '1.25', '20.500', 'Dzimumgatavību sasniedz 40-60 cm garumā. Ziemeļjūrā nārsto no novembra līdz janvārim. Auglība 2,5-40 tūkst. ikru, to lielums - 5,5-6 \r\nmm diametrā. Ikri ir bentiski, tiek nērsti piku veidā 10-120 m dziļumā (piku lielums var saniegt futbolbumbas apmērus). Kāpuri pēc dzeltenuma maisa rezorbcijas \r\nkļūst aktīvi un ir satopami kā pie grunts, tā arī pelaģiālā. 5-6 cm gari mazuļi pāriet uz bentisku dzīvesveidu.', 'Ziemeļatlantija. Eiropas piekrastē uz dienvidiem \r\nno Baltās jūras līdz Francijai. Ir 2 pasugas: marisalbi - Baltajā jūrā un lupus - areāla pārējā daļā. Pasugas atšķiras ar zobu skaitu aukslējās un ķermeņa \r\npigmentāciju. Baltijas jūrā līdz šim zināms (pēc nostāstiem) divu, līdz 40 cm garu, eksemplāru noķeršanas gadījums 1889. gadā pie Helsinkiem. Lai arī vilkzivs \r\ntradicionāli tiek iekļauta visu Baltijas jūras baseina zivju sarakstos, taču austrumu un ziemeļdaļā tās atrašanas iespēja ir niecīga.', 30, NULL, NULL, NULL),
(77, 'Taurulus bubalis', 'Jūras dzeloņgalve', 'Neliels jūrasbullis. Galva liela, jaunām zivīm kaila, pieaugušām - vietām klāta ar asiem kaula \r\nizciļņiem. Uz priekšvāka kaula ir liels dzelonis, kas lielāks par acs diametru un sniedzas pāri vāka kaula malai. Labi attīstīti arī deguna dzeloņi. Mutes kaktiņā \r\nuz augšžokļa ir ādas kroka. Ķermenis kails, tikai uz sānu līnijas ir kaula plātnītes ar vairākiem asiem dzelonīšiem. Mugurpuse olīvbrūna ar četrām tumšām \r\nšķērsjoslām, vēderpuse - iedzeltena. Nārstojošiem tēviņiem vēders kļūst oranžsarkans ar zilganbaltiem plankumiem.', 'Bentiska jūras zivs. Dzīvo akmeņainās un\r\nklinšainās vietās starp jūraszālēm, parasti piekrastē līdz 30 m dziļumam, ziemā pārvietojas nedaudz dziļāk. Bentofāgs, barojas ar vēžveidīgajiem, tārpiem un sīkām\r\nzivīm (Gobiidae).', '0.15', NULL, 'Nārsto no februāra līdz aprīlim. Auglība ap 1,5 tūkst. ikru. Ikri bentiski, tiek nērsti nelielās pikās starp akmeņiem, klinšu plaisās \r\nvai arī starp aļģēm. Kāpuri izšķiļas pēc 6-7 nedēļām, tie ir pelaģiski un, sasnieguši 13-14 mm garumu, pāriet uz bentisku dzīvi.', 'Ziemeļeiropas un Rietumeiropas \r\npiekraste. Baltijas jūrā līdz Botnijas līcim un Somu līcī līdz Gotlandei. Sastopams reti. Austrumpiekrastē ir ziņas par vairāku desmitu ek- semplāru noķeršanu Somu \r\nlīča rietumdaļā. Igauņu salu rajonā sastopama samērā regulāri. Latvijas piekrastē ļoti rets, līdz šim konstatēts vienreiz 1928. gadā pie Liepājas. Arī Rīgas līcī \r\nnoķerts vienreiz 1974. gadā pie Hēdemēstes (Igaunija).', 31, NULL, NULL, 3),
(78, 'Cottus poecilopus', 'Raibā platgalve', 'Ķermenis vārpstveida. Galva liela, no augšas saplacināta. Mute ar sīkiem zobiem, vērsta uz \r\npriekšu. Ķermenis kails, bez zvīņām, brūngans, pelēcīgs vai olīvzaļš ar dažādas formas tumšiem plankumiem. Visas spuras ar tumšiem plankumiem.', 'Saldūdens zivs.\r\nUzturas pa vienai pie grunts. Aktīvāka tumsā. Dienā parasti slēpjas zem akmeņiem un citiem zemūdens priekšmetiem. Tālas migrācijas neveic. Pamatbarība - bentoss. \r\nSa-sniedz 6 gadu vecumu.', '0.20', '0.048', 'Dzimumgatavība iestājas 2 gadu vecumā, sasniedzot 4-8 cm garumu (l). Auglība 200-800 ikru. Nārsto februārī-jūnijā (ūdens \r\nt° 5-17°C) seklās vietās. Raksturīgs vienlaicīgs nārsts. Tēviņš veido ligzdu zem akmeņiem un apsargā to. Ikri lipīgi, to attīstība ilgst 12-15 dienas (218\r\ngrāddienas).Dzimumgatavība iestājas 2 gadu vecumā, sasniedzot 4-8 cm garumu (l). Auglība 200-800 ikru. Nārsto februārī-jūnijā (ūdens t° 5-17°C) seklās vietās. \r\nRaksturīgs vienlaicīgs nārsts. Tēviņš veido ligzdu zem akmeņiem un apsargā to. Ikri lipīgi, to attīstība ilgst 12-15 dienas (218 grāddienas).', 'Eiropa un Āzija. \r\nLiteratūrā attiecināta uz Latvijas ūdeņiem - jūru un upēm - kā reti sastopama suga (1956, 1966, 1974), taču konkrētas atradnes nav minētas. Agrākajos Latvijas \r\nihtiofaunas sarakstos nav iekļauta. Makšķernieku li- teratūrā attiecināta uz Daugavas, Gaujas, Lielupes, Salacas un Ventas baseinu (1960). Lietuvā, Igaunijā un \r\nBaltkrievijā nav konstatēta. Baltijas jūras baseinā sastopama Dānijā, Polijā, Somijā, Vāci-jā un Zviedrijā. Latvijā populāciju pastāvēšana nav zināma.', 31, NULL, NULL, NULL),
(79, 'Agonus cataphractus', 'Āķdegunis', 'Galva plata, trīsstūrveida, no augšas saplacināta, tās platums apmēram divas reizes lielāks par garumu. \r\nPie purna divi pāri āķveidīgu dzeloņu. Galvas virsa aiz acīm bez asiem dzeloņiem. Mute vērsta uz leju, uz žokļiem ir nelieli zobi. Vairāki taustekļi: divi pie \r\npurna dzeloņiem un pa diviem katrā mutes atveres kaktā, turklāt galvas apakša klāta ar daudziem taustekļiem. Ķermenis ietverts kaula bruņās, ko veido 6-8 kaula \r\nplātnīšu rindas. Anālā atvere atrodas uzreiz aiz vēdera spurām. Mugura tumši brūna ar 4-5 tumšiem plankumiem, vēderpuse balta. Spuras dzeltenas ar tumšiem punktiem \r\nun svītrām. Nārsta laikā krūšu spuras kļūst oranžas.', 'Bentiska jūras zivs, uzturas piekrastē gan uz smilšainām, gan uz dūņainām gruntīm 20-70 m dziļumā. Ziemot \r\nvar ievērojami dziļāk, Skagerakā līdz 270 m. Aukstummīlošs, var uzturēties ūdeņos ar temperatūru tuvu 0°C. Bentofāga, barojas ar sīkiem vēžveidīgajiem, tārpiem, \r\nsīkiem gliemjiem.', '0.15', NULL, 'Dzimumgatavību sasniedz 3.-4. gadā. Ziemeļjūrā nārsto februārī-maijā, auglība ap 2,7 tūkst. ikru. Tie ir lieli - 2,2 mm diametrā, \r\ndzelteni vai oranži. Ikri bentiski, tiek nērsti piku veidā starp brūnaļģēm. Embrionālā attīstība var ilgt 12 mēnešus. Kāpuri pelaģiski, sasnieguši 20 mm garumu, \r\npāriet uz bentisku dzīvi.', 'Ziemeļeiropas jūru piekraste. Baltijas jūrā sastopams rietumu un dien- vidu daļās. Lai gan vairāki autori uz- skata, ka āķdegunis \r\nsastopams līdz Somu jūras līcim, tomēr konkrēti noķeršanas gadījumi jūras austrumu un ziemeļu piekrastēs, tajā skaitā arī Latvijas piekrastē, līdz šim nav reģistrēti.\r\n1993. gadā 2 eksemplāri tika noķerti uz dienvidiem no Gotlandes salas. Polijas pie-krastē parasti gadā noķer vairākus eksemplārus.', 32, NULL, NULL, NULL),
(80, 'Cyclopterus lumpus', 'Jūras zaķzivs', 'Ķermenis augsts, resns, sāniski saplacināts, īpaši galvas un astes daļā. Pirmā muguras spura klāta \r\nar biezu ādu, veidojot gaļīgu seksti. Sānos trīs kaula pauguru rindas. Turklāt var būt arī atsevišķi pauguri starp rindām. Sānu līnijas nav. Vēdera spuras pārveidotas\r\npar lielu, iegarenu piesūcekņa disku. Mugurpuse pelēcīgi zilgana, uz sāniem var būt tumši plankumi, vēderpuse gaiša. Nārsta laikā tēviņiem vēders un krūšu spuras \r\niegūst sarkanu nokrāsu.', 'Bentiska jūras zivs, uzturas līdz 150 m dziļumā uz akmeņainām gruntīm. Slikta peldētāja, taču sastopama arī pelagiālā. Domājams, ka \r\npelaģisku dzīves veidu piekopj līdz dzimumgatavības sasniegšanai. Barojas ar vēžveidīgajiem, tārpiem un zivīm. Baltijas jūrā sasniedz 6 gadu vecumu. No Ziemeļjūras\r\npopulācijas atšķiras ar jaunāku vecuma struktūru (dominē 3-4 vecuma grupas) un lēnāku augšanu.', '0.61', '9.500', 'Dzimumgatavību sasniedz trešajā ­ ceturtajā gadā. Nārsto \r\nno februāra līdz aprīlim piekrastē seklās akmeņainās vietās ar labi attīstītu veģetāciju (ūdens temperatūrā 5-8°C). Baltijā auglība līdz 15 tūkst. ikru. Nārsta laikā\r\nveido pārus. Raksturīgs porcijnārsts. Ikri bentiski, pēc to iznēršanas mātīte atgriežas dziļumā, bet tēviņš paliek 5-6 nedēļas tos apsargāt. Šajā laikā tēviņš ir\r\nagresīvs. Izšķīlušies mazuļi sākumā uzturas starp ūdensaugiem, bet rudenī migrē uz dziļākām vietām.', 'Sastopams Ziemeļatlantijā. Eiropā - ziemeļu un rietumu\r\npiekrastēs arī visā Baltijas jūrā. Rīgas līcī, galvenokārt ziemeļdaļā, sastopams reti. Gada pirmajā pusē Igaunijas salu apkaimē sastopams samērā regulāri.', 33, NULL, NULL, NULL),
(81, 'Liparis liparis ', 'Plūkšņzivs', 'Galva resna ar īsu un strupu purnu. Ķermeņa forma nedaudz atgādina kurkuli. Āda pelēka, gļotaina, zvīņu nav. Acis mazas, \r\nir divi pāri nāsu, žaunu atveres mazas. Muguras spura un anālā spura garas, saskaras ar astes spuru, turklāt anālajai spurai šī saskare ir izteiktāka. Vēdera spuras \r\npārveidotas par lielu piesūcekņa disku. Krūšu spura liela, tās priekšējie stari īsāki. Mugura pelēcīgi brūna, vēders gaišs. Ķermenis klāts ar daudziem sīkiem, par \r\npamatkrāsu tumšākiem plankumiem vai svītrām.', 'Bentiska jūras zivs, uzturas galvenokārt piekrastē uz smilšainām un dūņainām gruntīm. Arī stipri atsāļotos rajonos upju \r\ngrīvās. Sastopama 5-150 m dziļumā. Bentofāga, galvenokārt barojas ar vēžveidīgajiem un tārpiem.', '0.15', NULL, 'Nārsto no novembra līdz februārim, auglība ap 1,2 milj. ikru. Ikri \r\nbentiski, 1,4-1,7 mm diametrā, tiek piestiprināti pie aļģēm. Embrionālā attīstība ilgst 6-8 nedēļas. Kāpuri - pelaģiski.', 'Uzskata, ka Baltijas jūrā sastopama pasuga\r\nbarbatus - bārdainā plūkšņzivs, kas no pārējām pasugām atšķiras ar relatīvi mazāku galvu un garākām krūšu spurām. Baltijas jūrā dzīvo galvenokārt austrumdaļā. \r\nJūras dienvidrietumos reta. Rīgas līcī sastopama samērā bieži, parasti līča ziemeļu, centrālajā un rietumu daļā, konstatēta arī Daugavas lejtecē. Līča piekrastē \r\ngalvenokārt rudens mēnešos.', 34, NULL, NULL, 4),
(82, 'Psetta maxima', 'akmeņplekste', 'Ķermenis plats un samērā biezs. Galva liela, ar nedaudz garāku apakšžokli. Ir zobi arī uz lemeškaula. Acis \r\nvienmēr atrodas ķermeņa kreisajā pusē. Vēderspuras novietotas asimetriski viena pret otru, tām ir liela pamatne un tās nesavienojas ar anālo spuru. Sānu līnija\r\npuslokā izliekta virs krūšu spuras. Zvīņu nav, bet ķermeni klāj kaulveida pauguriņi, kas ir mazāki par acs diametru un atrodas tikai acu pusē, tā parasti ir smilšu\r\nbrūna ar tumši brūnu punktojumu, līdzīgi krāsotas arī spuras. Aklā puse bālgana.', 'Bentiska jūras zivs, uzturas uz akmeņainām un smilšainām gruntīm līdz 70 m \r\ndziļumam. Migrācijas nelielas: pavasarī krasta virzienā baroties un nārstot, rudenī - pretējā, uz dziļākām vietām, kur stabilāka ūdens temperatūra. Plēsēja -\r\nbentofāga, barojas ar bentis-kajām zivīm: tūbītēm, un jūras-grunduļiem, gliemenēm (Macoma baltica), vēžveidīgajiem (Crangon crangon). Var sasniegt 22 gadu vecumu.', '0.50', '4.000', 'Dzimumgatavību sasniedz piektajā dzīves gadā. Nārsto no maija vai jūnija līdz augustam piekrastē 5-40 m dziļumā. Sekmīgam nārstam nepiecie-šams ūdens sāļums\r\n6-7ä. Auglība - līdz 1 milj. ikru. Tie ir pelaģiski, bieži klāti ar diatomeju aļģēm. Ikru diametrs 0,9-1,2 mm. Piekrastes siltajos ūdeņos jau pēc 7-9 dienām parādās \r\npelaģiski kāpuri. Sa-sniedzot 25-27 mm garumu, tie pāriet uz bentisku dzīvesveidu. Mazuļi vasarā un rudens sākumā uzturas 0,5-1 m dziļumā.', 'Eiropas piekrastē līdz\r\narktiskajam lokam. Izdala 2 pussugas: maximus Vidusjūrā, Eiropas piekrastē, Baltijas jūrā un moetica - Melnajā jūrā. Baltijas jūrā līdz Somu un Botnijas līcim. \r\nSastopama bieži.', 35, NULL, NULL, NULL),
(83, 'Scophthalmus rhombus', 'gludais rombs', 'Ķermenis slaidāks un plānāks nekā akmeņplekstei. Acis atrodas ķermeņa kreisajā pusē. Galva liela,\r\nar lielu un izliektu muti. Ķermenis gluds, bez kaula veidojumiem, klāts ar sīkām cikloīdām zvīņām. Sānu līnija puslokā izliekta virs krūšu spuras. Vēdera spuras \r\npamatne plata. Muguras spuras priekšējie stari daļēji brīvi no membrānas. Acu puse parasti smilšu brūna, ar daudziem tumšiem plankumiem, aklā puse - krēmkrāsā.', 'Bentiska jūras zivs. Galvenokārt uzturas kontinentālā šelfa ūdeņos, dodot priekšroku smilšainām gruntīm 9-75 m dziļumā. Mazuļi pirmo gadu pavada piekrastē, \r\nseklumā. Barojas ar bentiskajām zivīm, galvenokārt tūbītēm, un vēžveidīgajiem.', '0.50', '2.300', 'Nārsto no marta līdz augustam 5-40 m dziļumā. Auglība nārstojošām \r\nmātītēm ap 0,8-1 milj. ikru uz 1 kg zivs svara. Ikri un kāpuri pelaģiski. 2-3,5 cm garumā kāpuri pāriet uz bentisku dzīvi. Baltijas jūrā gludā romba nārsts līdz\r\nšim nav konstatēts, bet tuvākie nārsta rajoni ir Dāņu šaurumos uz rietumiem no Darsas.', 'Eiropas piekraste no Norvēģijas līdz Ziemeļāfrikai, arī Vidusjūrā un Melnajā\r\njūrā. Baltijas jūrā rets, daudzums austrumu virzienā samazinās, un uz austrumiem no Bornholmas salas tas faktiski vairs nav satopams. Latvijas piekrastē maldu viesis,\r\nlīdz šim konstatēta vienreiz, 60. gados Ventspils zvejnieku lomā.', 35, NULL, NULL, NULL),
(84, 'Limanda limanda', 'gludā plekste', 'Tipiska, samērā neliela plekstu dzimtas zivs. Acis atrodas ķermeņa labajā pusē. Mute maza, sniedzas tikai \r\nlīdz acu priekšējai malai, žokļi asimetriski, ar nelieliem koniskiem zobiņiem, kas labāk attīstīti aklajā pusē. Ķermenis acu pusē klāts ar ktenoīdām zvīņām, kas \r\npadara to nedaudz raupju. Aklajā pusē - cikloīdās zvīņas. Sānu līnija labi redzama, puslokā izliekta virs krūšu spuras un sniedzas līdz acs ārējai malai. Acu pusē\r\nkrāsa stipri mainīga, no gaiši brūnas līdz pelēkbrūnai ar tumšākiem punktiem. Aklā puse - balta.', 'Bentiska jūras zivs. Dzīvo uz smilšainām gruntīm līdz 150 m, bet \r\nparasti 20-40 m dziļumā. Migrācijas nelielas, vasaras sākumā krasta virzienā, rudenī - jūras virzienā. Arī mazuļi vasarā uzturas piekrastē, seklumā. Bentofāga, \r\nbarojas ar sīkām zivīm (tūbītēm), daudzsartārpiem, vēžveidīgajiem, gliemenēm (Macoma baltica). Var sasniegt 13 gadu vecumu. Baltijas jūras populācija no pārējām \r\natšķiras ar lēnāku augšanu. Sasniedz 13 gadu vecumu.', '0.42', '1.300', 'Dzimumgatavību tēviņi sasniedz trīs gadu, mātītes - četru gadu vecumā. Nārsto no aprīļa līdz \r\naugustam 35-45 m dziļumā. Sekmīgam nārstam nepieciešams ūdens sāļums ne mazāks par 15ä, tāpēc Baltijas jūrā uz austrumiem no Arkonas ieplakas nārsta vietu nav. \r\nAuglība 670-770 tūkst. ikru, tie tāpat kā kāpuri pelaģiski. Kāpuri 14 mm garumā pāriet uz bentisku dzīvi.', 'Ziemeļeiropas piekraste. Baltijas jūrā tikai rietumdaļā\r\nlīdz Bornhol- mas salai. Austrumbaltijā un Ziemeļbaltijā ļoti reta ieceļotāja. Līdz šim konstatēta dažas reizes: 1942. gadā pie Hījumā un 1948. gadā pie Sāmsalas. \r\nTiešu limandas novērojumu Latvijas piekrastē nav.', 36, NULL, NULL, NULL),
(85, 'Platichthys flesus', 'plekste', 'Ķermenis plakans ar mazu galvu. Acis atrodas labajā pusē vai arī kreisajā pusē (dažos rajonos līdz trešdaļai\r\nno kopējā populācijas īpatņu skaita). Gar muguras spuras un anālās spuras malām ir sīku un asu kaulu pauguriņu rindas. Ar līdzīgiem pauguriņiem klāta arī sānu līnija.\r\nZvīņas cikloīdas. Ķermenis acu pusē raupjš. Krāsa mainīga, stipri atkarīga no apkārtējās vides krāsas. Parasti plekstei acu puse brūngana ar sārtiem plankumiem,\r\naklā pusē - gaiša.', 'Bentiska zivs ar plašu toleranci pret sāļumu, pārsvarā uzturas jūrā, taču ienāk arī upju grīvās un lejtecēs. Vasarā dzīvo piekrastē 1-20 m\r\ndziļumā, ziemo - 50-70 m dziļumā. Migrācijas nelielas - pavasarī pirms nārsta jūras virzienā, vasaras sākumā pēc nārsta - krasta virzienā. Bentofāga, barojas ar \r\ngliemenēm (galvenokārt Macoma baltica), tārpiem, vēžveidīgajiem. Aktīva naktī. Sasniedz 12 gadu vecumu.', '0.55', '3.400', 'Dzimumgatavību sasniedz trīs, četru gadu \r\nvecumā. Izdala divas rases: jūru ieplakās nārstojošās un piekrastē nārstojošās plekstes. Ieplakās nārsto martā-jūnijā (Gotlandes ieplakā 80-120 m dziļumā) ūdens \r\nsāļumā ap 10ä un lielākā un ūdens piesātinājumā ar skābekli lielākā par 1ml/l. Auglība līdz 2 milj. ikru. Ikri pelaģiski. Piekrastē nārsto 20-30 m dziļumā ūdens \r\nsāļumā 5-7ä. Auglība ir lielāka nekā ieplakās nārstojošajām, bet ikri sīkāki. Ikri brīvi peldoši uz grunts. Piekrastes nārsta galvenās vietas ir pie Ālandu \r\narhipelāga, Zviedrijas austrumu piekrastē, pie Igauņu salām un Oderbankā. Abām rasēm kāpuri pelaģiski. 7-10 mm gari kāpuri pirms metamorfozes pāriet uz bentisku \r\ndzīvi. Mazuļi vasarā un rudens sākumā uzturas piekrastē no dažu centimetru līdz dažu metru dziļumam. Plekste var veidot hibrīdus ar jūras zeltpleksti.', 'Baltijas\r\njūrā veido 15 lokālas populācijas. Masveidīga, izņemot dziļūdens ieplakas (>150 m), Botnijas līča ziemeļu, Somu līča austrumu un Rīgas līča dienvidu daļas, kur \r\nsamērā reti.', 36, NULL, NULL, NULL);

-- --------------------------------------------------------

--
-- Dumping data for table `subdivisions`
--

INSERT INTO `subdivisions` (`id`, `name_latin`, `name_latvian`, `division_id`) VALUES
(1, 'Vertebrata', 'Mugurkaulnieki', 1),
(2, 'Urochordata', 'Kāpurhordaiņi', 1),
(3, 'Acrania', 'Bezgalvaskausaiņi', 1);

-- --------------------------------------------------------

--
-- Dumping data for table `subfamilies`
--

INSERT INTO `subfamilies` (`id`, `name_latin`, `name_latvian`, `family_id`) VALUES
(1, 'Petromyzontinae', 'Nēģu', 1),
(2, 'Lampetrinae', NULL, 1),
(3, 'Acipenserinae', NULL, 2),
(4, 'Alosinae', 'Alozu', 3),
(5, 'Clupeinae', 'Siļķu', 3),
(6, 'Salmoninae', 'Lašu', 5),
(7, 'Coregoninae', 'Sīgu', 6),
(8, 'Thymallinae', 'Alatu', 7);

-- --------------------------------------------------------

--
-- Dumping data for table `users`
--

INSERT INTO `users` (`id`, `name`, `email`, `email_verified_at`, `password`, `remember_token`, `created_at`, `updated_at`, `role`) VALUES
(1, 'Administrator', 'admin@encyclopedia.test', NULL, '$2y$10$KxFVtuGk0nLPAtojaY10Qu4CIFM/vf.1f0LcJZZzt//AnA5t1g68G', NULL, '2020-06-20 14:42:20', '2020-06-20 14:42:20', 1);

-- --------------------------------------------------------

--
-- Constraints for dumped tables
--

--
-- Constraints for table `clases`
--
ALTER TABLE `clases`
  ADD CONSTRAINT `clases_subdivision_id_foreign` FOREIGN KEY (`subdivision_id`) REFERENCES `subdivisions` (`id`);

--
-- Constraints for table `divisions`
--
ALTER TABLE `divisions`
  ADD CONSTRAINT `divisions_kingdom_id_foreign` FOREIGN KEY (`kingdom_id`) REFERENCES `kingdoms` (`id`);

--
-- Constraints for table `families`
--
ALTER TABLE `families`
  ADD CONSTRAINT `families_order_id_foreign` FOREIGN KEY (`order_id`) REFERENCES `orders` (`id`);

--
-- Constraints for table `genuses`
--
ALTER TABLE `genuses`
  ADD CONSTRAINT `genuses_family_id_foreign` FOREIGN KEY (`family_id`) REFERENCES `families` (`id`),
  ADD CONSTRAINT `genuses_subfamily_id_foreign` FOREIGN KEY (`subfamily_id`) REFERENCES `subfamilies` (`id`);

--
-- Constraints for table `orders`
--
ALTER TABLE `orders`
  ADD CONSTRAINT `orders_class_id_foreign` FOREIGN KEY (`class_id`) REFERENCES `clases` (`id`);

--
-- Constraints for table `species`
--
ALTER TABLE `species`
  ADD CONSTRAINT `species_family_id_foreign` FOREIGN KEY (`family_id`) REFERENCES `families` (`id`),
  ADD CONSTRAINT `species_genus_id_foreign` FOREIGN KEY (`genus_id`) REFERENCES `genuses` (`id`),
  ADD CONSTRAINT `species_lsg_id_foreign` FOREIGN KEY (`lsg_id`) REFERENCES `lsg` (`category`),
  ADD CONSTRAINT `species_subfamily_id_foreign` FOREIGN KEY (`subfamily_id`) REFERENCES `subfamilies` (`id`);

--
-- Constraints for table `subdivisions`
--
ALTER TABLE `subdivisions`
  ADD CONSTRAINT `subdivisions_division_id_foreign` FOREIGN KEY (`division_id`) REFERENCES `divisions` (`id`);

--
-- Constraints for table `subfamilies`
--
ALTER TABLE `subfamilies`
  ADD CONSTRAINT `subfamilies_family_id_foreign` FOREIGN KEY (`family_id`) REFERENCES `families` (`id`);
COMMIT;

/*!40101 SET CHARACTER_SET_CLIENT=@OLD_CHARACTER_SET_CLIENT */;
/*!40101 SET CHARACTER_SET_RESULTS=@OLD_CHARACTER_SET_RESULTS */;
/*!40101 SET COLLATION_CONNECTION=@OLD_COLLATION_CONNECTION */;
